slot_id,gq_corridor,block_section,train_number,train_type,scheduled_entry,scheduled_exit,natural_gap_minutes
COA-GQ-05001,Delhi-Howrah,MTJ-KOTA,G-924,FREIGHT_CONTAINER,2026-10-01 06:00:00,2026-10-01 06:57:00,90
COA-GQ-05002,Mumbai-Chennai,BRC-MMCT,G-862,FREIGHT_CONTAINER,2026-10-01 06:15:00,2026-10-01 06:46:00,180
COA-GQ-05003,Mumbai-Chennai,RMA-BRC,18684,EXPRESS_PASSENGER,2026-10-01 06:30:00,2026-10-01 07:10:00,45
COA-GQ-05004,Delhi-Mumbai,BZA-MAS,G-812,FREIGHT_COAL,2026-10-01 06:45:00,2026-10-01 07:36:00,180
COA-GQ-05005,Delhi-Mumbai,KOTA-RMA,18176,PREMIUM_PASSENGER,2026-10-01 07:00:00,2026-10-01 07:27:00,90
COA-GQ-05006,Delhi-Howrah,BZA-MAS,16817,EXPRESS_PASSENGER,2026-10-01 07:15:00,2026-10-01 07:48:00,240
COA-GQ-05007,Howrah-Chennai,HWH-KGP,G-845,FREIGHT_CONTAINER,2026-10-01 07:30:00,2026-10-01 08:11:00,240
COA-GQ-05008,Delhi-Howrah,MTJ-KOTA,G-988,FREIGHT_COAL,2026-10-01 07:45:00,2026-10-01 08:39:00,30
COA-GQ-05009,Delhi-Howrah,BZA-MAS,G-897,FREIGHT_COAL,2026-10-01 08:00:00,2026-10-01 08:37:00,45
COA-GQ-05010,Delhi-Mumbai,DDU-ASN,15683,PREMIUM_PASSENGER,2026-10-01 08:15:00,2026-10-01 08:56:00,45
COA-GQ-05011,Mumbai-Chennai,HWH-KGP,G-858,FREIGHT_CONTAINER,2026-10-01 08:30:00,2026-10-01 09:16:00,180
COA-GQ-05012,Mumbai-Chennai,BZA-MAS,G-922,FREIGHT_CONTAINER,2026-10-01 08:45:00,2026-10-01 09:22:00,180
COA-GQ-05013,Howrah-Chennai,BRC-MMCT,G-880,FREIGHT_CONTAINER,2026-10-01 09:00:00,2026-10-01 09:29:00,45
COA-GQ-05014,Delhi-Howrah,BRC-MMCT,20457,EXPRESS_PASSENGER,2026-10-01 09:15:00,2026-10-01 09:55:00,180
COA-GQ-05015,Howrah-Chennai,HWH-KGP,G-970,FREIGHT_CONTAINER,2026-10-01 09:30:00,2026-10-01 10:26:00,240
COA-GQ-05016,Mumbai-Chennai,NDLS-MTJ,G-956,FREIGHT_CONTAINER,2026-10-01 09:45:00,2026-10-01 10:40:00,45
COA-GQ-05017,Delhi-Mumbai,KOTA-RMA,14787,PREMIUM_PASSENGER,2026-10-01 10:00:00,2026-10-01 10:27:00,90
COA-GQ-05018,Mumbai-Chennai,DDU-ASN,G-881,FREIGHT_CONTAINER,2026-10-01 10:15:00,2026-10-01 11:09:00,90
COA-GQ-05019,Delhi-Mumbai,SUR-PUNE,G-920,FREIGHT_CONTAINER,2026-10-01 10:30:00,2026-10-01 10:55:00,30
COA-GQ-05020,Howrah-Chennai,NDLS-MTJ,G-968,FREIGHT_CONTAINER,2026-10-01 10:45:00,2026-10-01 11:24:00,45
COA-GQ-05021,Delhi-Mumbai,RMA-BRC,G-876,FREIGHT_CONTAINER,2026-10-01 11:00:00,2026-10-01 11:57:00,240
COA-GQ-05022,Delhi-Mumbai,HWH-KGP,15523,PREMIUM_PASSENGER,2026-10-01 11:15:00,2026-10-01 12:02:00,90
COA-GQ-05023,Howrah-Chennai,KOTA-RMA,G-894,FREIGHT_CONTAINER,2026-10-01 11:30:00,2026-10-01 11:58:00,180
COA-GQ-05024,Delhi-Mumbai,BRC-MMCT,13050,EXPRESS_PASSENGER,2026-10-01 11:45:00,2026-10-01 12:19:00,90
COA-GQ-05025,Delhi-Howrah,KOTA-RMA,13329,EXPRESS_PASSENGER,2026-10-01 12:00:00,2026-10-01 12:37:00,45
COA-GQ-05026,Delhi-Mumbai,MTJ-KOTA,13573,PREMIUM_PASSENGER,2026-10-01 12:15:00,2026-10-01 13:01:00,30
COA-GQ-05027,Howrah-Chennai,CNB-PRYJ,G-867,FREIGHT_CONTAINER,2026-10-01 12:30:00,2026-10-01 13:02:00,240
COA-GQ-05028,Delhi-Mumbai,CNB-PRYJ,G-889,FREIGHT_COAL,2026-10-01 12:45:00,2026-10-01 13:25:00,45
COA-GQ-05029,Mumbai-Chennai,BRC-MMCT,G-855,FREIGHT_CONTAINER,2026-10-01 13:00:00,2026-10-01 13:48:00,90
COA-GQ-05030,Mumbai-Chennai,BZA-MAS,G-915,FREIGHT_COAL,2026-10-01 13:15:00,2026-10-01 13:41:00,90
COA-GQ-05031,Delhi-Howrah,BZA-MAS,G-963,FREIGHT_COAL,2026-10-01 13:30:00,2026-10-01 14:06:00,30
COA-GQ-05032,Mumbai-Chennai,BZA-MAS,G-988,FREIGHT_CONTAINER,2026-10-01 13:45:00,2026-10-01 14:31:00,90
COA-GQ-05033,Delhi-Howrah,HWH-KGP,13292,PREMIUM_PASSENGER,2026-10-01 14:00:00,2026-10-01 14:39:00,45
COA-GQ-05034,Mumbai-Chennai,NDLS-MTJ,G-977,FREIGHT_COAL,2026-10-01 14:15:00,2026-10-01 14:46:00,45
COA-GQ-05035,Howrah-Chennai,DDU-ASN,G-861,FREIGHT_COAL,2026-10-01 14:30:00,2026-10-01 15:07:00,45
COA-GQ-05036,Delhi-Howrah,SUR-PUNE,17794,EXPRESS_PASSENGER,2026-10-01 14:45:00,2026-10-01 15:14:00,30
COA-GQ-05037,Howrah-Chennai,SUR-PUNE,G-865,FREIGHT_CONTAINER,2026-10-01 15:00:00,2026-10-01 15:59:00,90
COA-GQ-05038,Mumbai-Chennai,DDU-ASN,G-845,FREIGHT_COAL,2026-10-01 15:15:00,2026-10-01 15:46:00,240
COA-GQ-05039,Delhi-Mumbai,NDLS-MTJ,G-803,FREIGHT_CONTAINER,2026-10-01 15:30:00,2026-10-01 16:13:00,90
COA-GQ-05040,Howrah-Chennai,CNB-PRYJ,G-997,FREIGHT_CONTAINER,2026-10-01 15:45:00,2026-10-01 16:44:00,30
COA-GQ-05041,Mumbai-Chennai,HWH-KGP,14793,PREMIUM_PASSENGER,2026-10-01 16:00:00,2026-10-01 16:57:00,45
COA-GQ-05042,Mumbai-Chennai,MTJ-KOTA,20235,EXPRESS_PASSENGER,2026-10-01 16:15:00,2026-10-01 17:10:00,180
COA-GQ-05043,Delhi-Howrah,NDLS-MTJ,13892,EXPRESS_PASSENGER,2026-10-01 16:30:00,2026-10-01 17:12:00,90
COA-GQ-05044,Delhi-Howrah,MTJ-KOTA,G-944,FREIGHT_COAL,2026-10-01 16:45:00,2026-10-01 17:41:00,90
COA-GQ-05045,Howrah-Chennai,KOTA-RMA,G-810,FREIGHT_CONTAINER,2026-10-01 17:00:00,2026-10-01 17:59:00,45
COA-GQ-05046,Delhi-Mumbai,RMA-BRC,21329,EXPRESS_PASSENGER,2026-10-01 17:15:00,2026-10-01 18:11:00,180
COA-GQ-05047,Delhi-Howrah,KOTA-RMA,G-885,FREIGHT_COAL,2026-10-01 17:30:00,2026-10-01 17:55:00,90
COA-GQ-05048,Delhi-Mumbai,SUR-PUNE,17644,EXPRESS_PASSENGER,2026-10-01 17:45:00,2026-10-01 18:44:00,30
COA-GQ-05049,Delhi-Howrah,KOTA-RMA,G-981,FREIGHT_CONTAINER,2026-10-01 18:00:00,2026-10-01 18:37:00,45
COA-GQ-05050,Howrah-Chennai,SUR-PUNE,G-934,FREIGHT_COAL,2026-10-01 18:15:00,2026-10-01 19:09:00,90
COA-GQ-05051,Mumbai-Chennai,SUR-PUNE,G-911,FREIGHT_CONTAINER,2026-10-01 18:30:00,2026-10-01 18:56:00,45
COA-GQ-05052,Mumbai-Chennai,SUR-PUNE,21911,PREMIUM_PASSENGER,2026-10-01 18:45:00,2026-10-01 19:40:00,90
COA-GQ-05053,Delhi-Howrah,MTJ-KOTA,21027,EXPRESS_PASSENGER,2026-10-01 19:00:00,2026-10-01 19:34:00,45
COA-GQ-05054,Howrah-Chennai,BZA-MAS,G-839,FREIGHT_CONTAINER,2026-10-01 19:15:00,2026-10-01 19:46:00,180
COA-GQ-05055,Delhi-Howrah,MTJ-KOTA,G-911,FREIGHT_COAL,2026-10-01 19:30:00,2026-10-01 20:23:00,45
COA-GQ-05056,Mumbai-Chennai,CNB-PRYJ,17145,EXPRESS_PASSENGER,2026-10-01 19:45:00,2026-10-01 20:15:00,45
COA-GQ-05057,Delhi-Mumbai,CNB-PRYJ,G-962,FREIGHT_CONTAINER,2026-10-01 20:00:00,2026-10-01 20:59:00,45
COA-GQ-05058,Howrah-Chennai,DDU-ASN,G-962,FREIGHT_COAL,2026-10-01 20:15:00,2026-10-01 21:06:00,45
COA-GQ-05059,Delhi-Howrah,BRC-MMCT,15891,EXPRESS_PASSENGER,2026-10-01 20:30:00,2026-10-01 21:03:00,45
COA-GQ-05060,Delhi-Mumbai,NDLS-MTJ,12242,EXPRESS_PASSENGER,2026-10-01 20:45:00,2026-10-01 21:32:00,45
COA-GQ-05061,Mumbai-Chennai,HWH-KGP,G-837,FREIGHT_CONTAINER,2026-10-01 21:00:00,2026-10-01 21:47:00,90
COA-GQ-05062,Howrah-Chennai,NDLS-MTJ,20904,PREMIUM_PASSENGER,2026-10-01 21:15:00,2026-10-01 21:40:00,90
COA-GQ-05063,Howrah-Chennai,RMA-BRC,21696,EXPRESS_PASSENGER,2026-10-01 21:30:00,2026-10-01 22:23:00,45
COA-GQ-05064,Howrah-Chennai,DDU-ASN,19218,PREMIUM_PASSENGER,2026-10-01 21:45:00,2026-10-01 22:29:00,45
COA-GQ-05065,Howrah-Chennai,BRC-MMCT,G-910,FREIGHT_COAL,2026-10-01 22:00:00,2026-10-01 22:51:00,30
COA-GQ-05066,Mumbai-Chennai,DDU-ASN,G-908,FREIGHT_COAL,2026-10-01 22:15:00,2026-10-01 22:44:00,240
COA-GQ-05067,Howrah-Chennai,CNB-PRYJ,20655,EXPRESS_PASSENGER,2026-10-01 22:30:00,2026-10-01 23:13:00,30
COA-GQ-05068,Mumbai-Chennai,NDLS-MTJ,G-983,FREIGHT_CONTAINER,2026-10-01 22:45:00,2026-10-01 23:26:00,30
COA-GQ-05069,Delhi-Howrah,DDU-ASN,G-946,FREIGHT_COAL,2026-10-01 23:00:00,2026-10-01 23:34:00,45
COA-GQ-05070,Mumbai-Chennai,HWH-KGP,20741,PREMIUM_PASSENGER,2026-10-01 23:15:00,2026-10-02 00:05:00,180
COA-GQ-05071,Howrah-Chennai,DDU-ASN,G-970,FREIGHT_COAL,2026-10-01 23:30:00,2026-10-02 00:25:00,30
COA-GQ-05072,Howrah-Chennai,RMA-BRC,G-966,FREIGHT_CONTAINER,2026-10-01 23:45:00,2026-10-02 00:33:00,45
COA-GQ-05073,Delhi-Mumbai,SUR-PUNE,19378,PREMIUM_PASSENGER,2026-10-02 00:00:00,2026-10-02 00:53:00,180
COA-GQ-05074,Howrah-Chennai,KOTA-RMA,13145,PREMIUM_PASSENGER,2026-10-02 00:15:00,2026-10-02 01:09:00,90
COA-GQ-05075,Delhi-Mumbai,BRC-MMCT,12296,EXPRESS_PASSENGER,2026-10-02 00:30:00,2026-10-02 01:03:00,90
COA-GQ-05076,Howrah-Chennai,KOTA-RMA,G-890,FREIGHT_COAL,2026-10-02 00:45:00,2026-10-02 01:14:00,45
COA-GQ-05077,Mumbai-Chennai,KOTA-RMA,18204,EXPRESS_PASSENGER,2026-10-02 01:00:00,2026-10-02 01:34:00,90
COA-GQ-05078,Delhi-Mumbai,CNB-PRYJ,12660,PREMIUM_PASSENGER,2026-10-02 01:15:00,2026-10-02 02:09:00,45
COA-GQ-05079,Delhi-Howrah,MTJ-KOTA,G-930,FREIGHT_CONTAINER,2026-10-02 01:30:00,2026-10-02 01:56:00,45
COA-GQ-05080,Mumbai-Chennai,BZA-MAS,13897,EXPRESS_PASSENGER,2026-10-02 01:45:00,2026-10-02 02:29:00,45
COA-GQ-05081,Delhi-Mumbai,HWH-KGP,G-979,FREIGHT_COAL,2026-10-02 02:00:00,2026-10-02 02:47:00,90
COA-GQ-05082,Delhi-Mumbai,MTJ-KOTA,16867,PREMIUM_PASSENGER,2026-10-02 02:15:00,2026-10-02 03:10:00,180
COA-GQ-05083,Mumbai-Chennai,MTJ-KOTA,18686,EXPRESS_PASSENGER,2026-10-02 02:30:00,2026-10-02 03:02:00,45
COA-GQ-05084,Mumbai-Chennai,DDU-ASN,G-930,FREIGHT_COAL,2026-10-02 02:45:00,2026-10-02 03:19:00,45
COA-GQ-05085,Delhi-Howrah,BRC-MMCT,20252,EXPRESS_PASSENGER,2026-10-02 03:00:00,2026-10-02 03:58:00,90
COA-GQ-05086,Howrah-Chennai,KOTA-RMA,G-990,FREIGHT_COAL,2026-10-02 03:15:00,2026-10-02 03:57:00,180
COA-GQ-05087,Howrah-Chennai,DDU-ASN,19824,EXPRESS_PASSENGER,2026-10-02 03:30:00,2026-10-02 04:04:00,45
COA-GQ-05088,Delhi-Howrah,KOTA-RMA,18651,PREMIUM_PASSENGER,2026-10-02 03:45:00,2026-10-02 04:24:00,90
COA-GQ-05089,Delhi-Mumbai,NDLS-MTJ,G-875,FREIGHT_CONTAINER,2026-10-02 04:00:00,2026-10-02 04:59:00,30
COA-GQ-05090,Delhi-Mumbai,NDLS-MTJ,21650,PREMIUM_PASSENGER,2026-10-02 04:15:00,2026-10-02 05:11:00,45
COA-GQ-05091,Mumbai-Chennai,DDU-ASN,G-822,FREIGHT_CONTAINER,2026-10-02 04:30:00,2026-10-02 05:16:00,30
COA-GQ-05092,Mumbai-Chennai,BRC-MMCT,G-983,FREIGHT_COAL,2026-10-02 04:45:00,2026-10-02 05:30:00,30
COA-GQ-05093,Howrah-Chennai,NDLS-MTJ,19507,EXPRESS_PASSENGER,2026-10-02 05:00:00,2026-10-02 05:40:00,90
COA-GQ-05094,Delhi-Howrah,SUR-PUNE,21793,PREMIUM_PASSENGER,2026-10-02 05:15:00,2026-10-02 06:12:00,90
COA-GQ-05095,Howrah-Chennai,SUR-PUNE,20974,EXPRESS_PASSENGER,2026-10-02 05:30:00,2026-10-02 06:28:00,240
COA-GQ-05096,Delhi-Mumbai,BZA-MAS,17745,EXPRESS_PASSENGER,2026-10-02 05:45:00,2026-10-02 06:26:00,30
COA-GQ-05097,Mumbai-Chennai,DDU-ASN,15397,EXPRESS_PASSENGER,2026-10-02 06:00:00,2026-10-02 06:57:00,30
COA-GQ-05098,Mumbai-Chennai,RMA-BRC,19933,EXPRESS_PASSENGER,2026-10-02 06:15:00,2026-10-02 06:52:00,90
COA-GQ-05099,Delhi-Howrah,KOTA-RMA,G-851,FREIGHT_CONTAINER,2026-10-02 06:30:00,2026-10-02 07:23:00,45
COA-GQ-05100,Mumbai-Chennai,RMA-BRC,15818,EXPRESS_PASSENGER,2026-10-02 06:45:00,2026-10-02 07:10:00,180
COA-GQ-05101,Mumbai-Chennai,RMA-BRC,21883,EXPRESS_PASSENGER,2026-10-02 07:00:00,2026-10-02 07:32:00,90
COA-GQ-05102,Howrah-Chennai,SUR-PUNE,14865,EXPRESS_PASSENGER,2026-10-02 07:15:00,2026-10-02 07:41:00,45
COA-GQ-05103,Mumbai-Chennai,CNB-PRYJ,G-867,FREIGHT_CONTAINER,2026-10-02 07:30:00,2026-10-02 08:11:00,45
COA-GQ-05104,Howrah-Chennai,CNB-PRYJ,18255,EXPRESS_PASSENGER,2026-10-02 07:45:00,2026-10-02 08:28:00,45
COA-GQ-05105,Delhi-Mumbai,BZA-MAS,G-990,FREIGHT_CONTAINER,2026-10-02 08:00:00,2026-10-02 08:28:00,30
COA-GQ-05106,Delhi-Mumbai,BZA-MAS,18347,EXPRESS_PASSENGER,2026-10-02 08:15:00,2026-10-02 09:13:00,90
COA-GQ-05107,Delhi-Mumbai,BRC-MMCT,12264,EXPRESS_PASSENGER,2026-10-02 08:30:00,2026-10-02 09:16:00,90
COA-GQ-05108,Howrah-Chennai,CNB-PRYJ,18461,EXPRESS_PASSENGER,2026-10-02 08:45:00,2026-10-02 09:19:00,240
COA-GQ-05109,Delhi-Howrah,KOTA-RMA,18065,PREMIUM_PASSENGER,2026-10-02 09:00:00,2026-10-02 09:49:00,180
COA-GQ-05110,Mumbai-Chennai,HWH-KGP,G-978,FREIGHT_COAL,2026-10-02 09:15:00,2026-10-02 10:11:00,30
COA-GQ-05111,Delhi-Howrah,BRC-MMCT,G-818,FREIGHT_COAL,2026-10-02 09:30:00,2026-10-02 10:00:00,30
COA-GQ-05112,Howrah-Chennai,DDU-ASN,G-853,FREIGHT_CONTAINER,2026-10-02 09:45:00,2026-10-02 10:26:00,30
COA-GQ-05113,Howrah-Chennai,NDLS-MTJ,16675,PREMIUM_PASSENGER,2026-10-02 10:00:00,2026-10-02 10:53:00,90
COA-GQ-05114,Delhi-Howrah,NDLS-MTJ,13031,EXPRESS_PASSENGER,2026-10-02 10:15:00,2026-10-02 10:45:00,30
COA-GQ-05115,Howrah-Chennai,DDU-ASN,14296,PREMIUM_PASSENGER,2026-10-02 10:30:00,2026-10-02 11:19:00,30
COA-GQ-05116,Delhi-Mumbai,NDLS-MTJ,G-919,FREIGHT_COAL,2026-10-02 10:45:00,2026-10-02 11:21:00,45
COA-GQ-05117,Delhi-Mumbai,CNB-PRYJ,17392,EXPRESS_PASSENGER,2026-10-02 11:00:00,2026-10-02 11:34:00,90
COA-GQ-05118,Delhi-Howrah,HWH-KGP,14775,EXPRESS_PASSENGER,2026-10-02 11:15:00,2026-10-02 11:55:00,90
COA-GQ-05119,Mumbai-Chennai,CNB-PRYJ,G-922,FREIGHT_CONTAINER,2026-10-02 11:30:00,2026-10-02 12:05:00,45
COA-GQ-05120,Delhi-Howrah,BRC-MMCT,13369,PREMIUM_PASSENGER,2026-10-02 11:45:00,2026-10-02 12:19:00,45
COA-GQ-05121,Mumbai-Chennai,MTJ-KOTA,G-902,FREIGHT_COAL,2026-10-02 12:00:00,2026-10-02 12:49:00,30
COA-GQ-05122,Mumbai-Chennai,BRC-MMCT,G-956,FREIGHT_COAL,2026-10-02 12:15:00,2026-10-02 12:55:00,90
COA-GQ-05123,Delhi-Mumbai,KOTA-RMA,19545,EXPRESS_PASSENGER,2026-10-02 12:30:00,2026-10-02 13:20:00,240
COA-GQ-05124,Delhi-Mumbai,DDU-ASN,G-908,FREIGHT_CONTAINER,2026-10-02 12:45:00,2026-10-02 13:43:00,180
COA-GQ-05125,Delhi-Mumbai,SUR-PUNE,20250,PREMIUM_PASSENGER,2026-10-02 13:00:00,2026-10-02 13:49:00,30
COA-GQ-05126,Delhi-Howrah,HWH-KGP,12120,EXPRESS_PASSENGER,2026-10-02 13:15:00,2026-10-02 13:54:00,45
COA-GQ-05127,Mumbai-Chennai,BRC-MMCT,19236,PREMIUM_PASSENGER,2026-10-02 13:30:00,2026-10-02 14:26:00,30
COA-GQ-05128,Delhi-Howrah,MTJ-KOTA,13649,PREMIUM_PASSENGER,2026-10-02 13:45:00,2026-10-02 14:26:00,90
COA-GQ-05129,Delhi-Howrah,BRC-MMCT,16994,EXPRESS_PASSENGER,2026-10-02 14:00:00,2026-10-02 14:39:00,45
COA-GQ-05130,Delhi-Mumbai,RMA-BRC,20150,PREMIUM_PASSENGER,2026-10-02 14:15:00,2026-10-02 15:14:00,240
COA-GQ-05131,Mumbai-Chennai,SUR-PUNE,G-847,FREIGHT_CONTAINER,2026-10-02 14:30:00,2026-10-02 15:27:00,45
COA-GQ-05132,Mumbai-Chennai,BRC-MMCT,18711,PREMIUM_PASSENGER,2026-10-02 14:45:00,2026-10-02 15:17:00,45
COA-GQ-05133,Howrah-Chennai,KOTA-RMA,G-990,FREIGHT_CONTAINER,2026-10-02 15:00:00,2026-10-02 15:55:00,90
COA-GQ-05134,Mumbai-Chennai,RMA-BRC,15705,EXPRESS_PASSENGER,2026-10-02 15:15:00,2026-10-02 15:46:00,30
COA-GQ-05135,Howrah-Chennai,BZA-MAS,19011,PREMIUM_PASSENGER,2026-10-02 15:30:00,2026-10-02 16:23:00,90
COA-GQ-05136,Howrah-Chennai,BZA-MAS,19073,PREMIUM_PASSENGER,2026-10-02 15:45:00,2026-10-02 16:26:00,45
COA-GQ-05137,Delhi-Mumbai,DDU-ASN,14693,PREMIUM_PASSENGER,2026-10-02 16:00:00,2026-10-02 16:43:00,90
COA-GQ-05138,Howrah-Chennai,BRC-MMCT,13555,PREMIUM_PASSENGER,2026-10-02 16:15:00,2026-10-02 16:52:00,90
COA-GQ-05139,Mumbai-Chennai,SUR-PUNE,20060,PREMIUM_PASSENGER,2026-10-02 16:30:00,2026-10-02 17:06:00,90
COA-GQ-05140,Delhi-Howrah,CNB-PRYJ,17067,EXPRESS_PASSENGER,2026-10-02 16:45:00,2026-10-02 17:18:00,90
COA-GQ-05141,Delhi-Howrah,KOTA-RMA,18850,PREMIUM_PASSENGER,2026-10-02 17:00:00,2026-10-02 17:43:00,90
COA-GQ-05142,Howrah-Chennai,SUR-PUNE,14169,EXPRESS_PASSENGER,2026-10-02 17:15:00,2026-10-02 17:52:00,240
COA-GQ-05143,Howrah-Chennai,SUR-PUNE,G-862,FREIGHT_COAL,2026-10-02 17:30:00,2026-10-02 18:21:00,45
COA-GQ-05144,Howrah-Chennai,HWH-KGP,14980,PREMIUM_PASSENGER,2026-10-02 17:45:00,2026-10-02 18:33:00,30
COA-GQ-05145,Howrah-Chennai,BRC-MMCT,G-899,FREIGHT_CONTAINER,2026-10-02 18:00:00,2026-10-02 18:48:00,240
COA-GQ-05146,Howrah-Chennai,BRC-MMCT,G-941,FREIGHT_CONTAINER,2026-10-02 18:15:00,2026-10-02 18:45:00,30
COA-GQ-05147,Delhi-Howrah,HWH-KGP,G-816,FREIGHT_CONTAINER,2026-10-02 18:30:00,2026-10-02 18:58:00,45
COA-GQ-05148,Delhi-Mumbai,DDU-ASN,G-916,FREIGHT_CONTAINER,2026-10-02 18:45:00,2026-10-02 19:36:00,180
COA-GQ-05149,Mumbai-Chennai,DDU-ASN,G-961,FREIGHT_COAL,2026-10-02 19:00:00,2026-10-02 19:32:00,90
COA-GQ-05150,Delhi-Howrah,SUR-PUNE,G-880,FREIGHT_COAL,2026-10-02 19:15:00,2026-10-02 19:48:00,30
COA-GQ-05151,Delhi-Howrah,CNB-PRYJ,20762,EXPRESS_PASSENGER,2026-10-02 19:30:00,2026-10-02 20:23:00,30
COA-GQ-05152,Mumbai-Chennai,RMA-BRC,G-879,FREIGHT_COAL,2026-10-02 19:45:00,2026-10-02 20:25:00,45
COA-GQ-05153,Delhi-Mumbai,CNB-PRYJ,G-968,FREIGHT_CONTAINER,2026-10-02 20:00:00,2026-10-02 20:52:00,90
COA-GQ-05154,Delhi-Howrah,RMA-BRC,15038,EXPRESS_PASSENGER,2026-10-02 20:15:00,2026-10-02 20:40:00,45
COA-GQ-05155,Howrah-Chennai,MTJ-KOTA,G-841,FREIGHT_CONTAINER,2026-10-02 20:30:00,2026-10-02 21:24:00,45
COA-GQ-05156,Mumbai-Chennai,KOTA-RMA,G-817,FREIGHT_CONTAINER,2026-10-02 20:45:00,2026-10-02 21:17:00,45
COA-GQ-05157,Mumbai-Chennai,NDLS-MTJ,G-958,FREIGHT_CONTAINER,2026-10-02 21:00:00,2026-10-02 21:36:00,45
COA-GQ-05158,Mumbai-Chennai,BZA-MAS,G-907,FREIGHT_CONTAINER,2026-10-02 21:15:00,2026-10-02 21:52:00,30
COA-GQ-05159,Howrah-Chennai,KOTA-RMA,G-882,FREIGHT_CONTAINER,2026-10-02 21:30:00,2026-10-02 22:18:00,90
COA-GQ-05160,Delhi-Mumbai,HWH-KGP,20495,PREMIUM_PASSENGER,2026-10-02 21:45:00,2026-10-02 22:38:00,240
COA-GQ-05161,Delhi-Mumbai,DDU-ASN,20860,EXPRESS_PASSENGER,2026-10-02 22:00:00,2026-10-02 22:50:00,45
COA-GQ-05162,Howrah-Chennai,DDU-ASN,18635,EXPRESS_PASSENGER,2026-10-02 22:15:00,2026-10-02 22:57:00,45
COA-GQ-05163,Delhi-Mumbai,DDU-ASN,16923,EXPRESS_PASSENGER,2026-10-02 22:30:00,2026-10-02 23:29:00,240
COA-GQ-05164,Howrah-Chennai,BZA-MAS,G-930,FREIGHT_CONTAINER,2026-10-02 22:45:00,2026-10-02 23:25:00,45
COA-GQ-05165,Mumbai-Chennai,SUR-PUNE,19790,EXPRESS_PASSENGER,2026-10-02 23:00:00,2026-10-02 23:56:00,45
COA-GQ-05166,Delhi-Howrah,NDLS-MTJ,15838,EXPRESS_PASSENGER,2026-10-02 23:15:00,2026-10-02 23:44:00,90
COA-GQ-05167,Delhi-Mumbai,HWH-KGP,18683,PREMIUM_PASSENGER,2026-10-02 23:30:00,2026-10-03 00:26:00,45
COA-GQ-05168,Howrah-Chennai,RMA-BRC,15822,EXPRESS_PASSENGER,2026-10-02 23:45:00,2026-10-03 00:36:00,30
COA-GQ-05169,Howrah-Chennai,BZA-MAS,21916,EXPRESS_PASSENGER,2026-10-03 00:00:00,2026-10-03 00:52:00,90
COA-GQ-05170,Delhi-Mumbai,NDLS-MTJ,G-879,FREIGHT_CONTAINER,2026-10-03 00:15:00,2026-10-03 00:47:00,45
COA-GQ-05171,Howrah-Chennai,BZA-MAS,21271,PREMIUM_PASSENGER,2026-10-03 00:30:00,2026-10-03 01:07:00,90
COA-GQ-05172,Delhi-Howrah,HWH-KGP,19644,EXPRESS_PASSENGER,2026-10-03 00:45:00,2026-10-03 01:42:00,240
COA-GQ-05173,Howrah-Chennai,BRC-MMCT,G-852,FREIGHT_CONTAINER,2026-10-03 01:00:00,2026-10-03 01:38:00,45
COA-GQ-05174,Howrah-Chennai,DDU-ASN,G-843,FREIGHT_CONTAINER,2026-10-03 01:15:00,2026-10-03 01:45:00,45
COA-GQ-05175,Mumbai-Chennai,SUR-PUNE,17397,PREMIUM_PASSENGER,2026-10-03 01:30:00,2026-10-03 02:23:00,90
COA-GQ-05176,Delhi-Mumbai,CNB-PRYJ,12076,PREMIUM_PASSENGER,2026-10-03 01:45:00,2026-10-03 02:38:00,30
COA-GQ-05177,Mumbai-Chennai,BRC-MMCT,G-870,FREIGHT_COAL,2026-10-03 02:00:00,2026-10-03 02:37:00,90
COA-GQ-05178,Delhi-Mumbai,RMA-BRC,14419,EXPRESS_PASSENGER,2026-10-03 02:15:00,2026-10-03 02:51:00,90
COA-GQ-05179,Delhi-Mumbai,NDLS-MTJ,13779,EXPRESS_PASSENGER,2026-10-03 02:30:00,2026-10-03 03:23:00,45
COA-GQ-05180,Mumbai-Chennai,NDLS-MTJ,G-802,FREIGHT_CONTAINER,2026-10-03 02:45:00,2026-10-03 03:16:00,45
COA-GQ-05181,Howrah-Chennai,SUR-PUNE,G-922,FREIGHT_CONTAINER,2026-10-03 03:00:00,2026-10-03 03:40:00,90
COA-GQ-05182,Delhi-Mumbai,HWH-KGP,15196,PREMIUM_PASSENGER,2026-10-03 03:15:00,2026-10-03 04:01:00,240
COA-GQ-05183,Howrah-Chennai,SUR-PUNE,G-838,FREIGHT_CONTAINER,2026-10-03 03:30:00,2026-10-03 04:01:00,45
COA-GQ-05184,Mumbai-Chennai,MTJ-KOTA,15598,EXPRESS_PASSENGER,2026-10-03 03:45:00,2026-10-03 04:30:00,180
COA-GQ-05185,Howrah-Chennai,BRC-MMCT,13478,EXPRESS_PASSENGER,2026-10-03 04:00:00,2026-10-03 04:45:00,90
COA-GQ-05186,Mumbai-Chennai,RMA-BRC,G-820,FREIGHT_CONTAINER,2026-10-03 04:15:00,2026-10-03 05:06:00,90
COA-GQ-05187,Mumbai-Chennai,BRC-MMCT,G-962,FREIGHT_COAL,2026-10-03 04:30:00,2026-10-03 05:09:00,90
COA-GQ-05188,Delhi-Mumbai,RMA-BRC,G-852,FREIGHT_CONTAINER,2026-10-03 04:45:00,2026-10-03 05:37:00,45
COA-GQ-05189,Mumbai-Chennai,BRC-MMCT,G-829,FREIGHT_CONTAINER,2026-10-03 05:00:00,2026-10-03 05:44:00,180
COA-GQ-05190,Mumbai-Chennai,RMA-BRC,19822,EXPRESS_PASSENGER,2026-10-03 05:15:00,2026-10-03 05:55:00,45
COA-GQ-05191,Mumbai-Chennai,NDLS-MTJ,19444,PREMIUM_PASSENGER,2026-10-03 05:30:00,2026-10-03 06:09:00,30
COA-GQ-05192,Delhi-Howrah,SUR-PUNE,G-862,FREIGHT_CONTAINER,2026-10-03 05:45:00,2026-10-03 06:24:00,45
COA-GQ-05193,Howrah-Chennai,BRC-MMCT,G-856,FREIGHT_COAL,2026-10-03 06:00:00,2026-10-03 06:33:00,180
COA-GQ-05194,Howrah-Chennai,BRC-MMCT,18875,EXPRESS_PASSENGER,2026-10-03 06:15:00,2026-10-03 06:43:00,45
COA-GQ-05195,Delhi-Howrah,KOTA-RMA,21925,PREMIUM_PASSENGER,2026-10-03 06:30:00,2026-10-03 06:56:00,90
COA-GQ-05196,Delhi-Howrah,RMA-BRC,G-955,FREIGHT_CONTAINER,2026-10-03 06:45:00,2026-10-03 07:18:00,45
COA-GQ-05197,Howrah-Chennai,NDLS-MTJ,17430,EXPRESS_PASSENGER,2026-10-03 07:00:00,2026-10-03 07:55:00,180
COA-GQ-05198,Delhi-Mumbai,KOTA-RMA,G-955,FREIGHT_CONTAINER,2026-10-03 07:15:00,2026-10-03 07:54:00,30
COA-GQ-05199,Mumbai-Chennai,BRC-MMCT,G-992,FREIGHT_CONTAINER,2026-10-03 07:30:00,2026-10-03 08:05:00,45
COA-GQ-05200,Delhi-Howrah,BRC-MMCT,17913,EXPRESS_PASSENGER,2026-10-03 07:45:00,2026-10-03 08:35:00,180
COA-GQ-05201,Delhi-Howrah,CNB-PRYJ,G-942,FREIGHT_COAL,2026-10-03 08:00:00,2026-10-03 08:49:00,30
COA-GQ-05202,Mumbai-Chennai,BZA-MAS,G-846,FREIGHT_CONTAINER,2026-10-03 08:15:00,2026-10-03 08:59:00,45
COA-GQ-05203,Delhi-Mumbai,HWH-KGP,G-939,FREIGHT_COAL,2026-10-03 08:30:00,2026-10-03 09:13:00,90
COA-GQ-05204,Delhi-Mumbai,BZA-MAS,14611,PREMIUM_PASSENGER,2026-10-03 08:45:00,2026-10-03 09:10:00,180
COA-GQ-05205,Mumbai-Chennai,DDU-ASN,17063,EXPRESS_PASSENGER,2026-10-03 09:00:00,2026-10-03 09:50:00,90
COA-GQ-05206,Howrah-Chennai,NDLS-MTJ,17247,EXPRESS_PASSENGER,2026-10-03 09:15:00,2026-10-03 10:08:00,240
COA-GQ-05207,Howrah-Chennai,KOTA-RMA,G-937,FREIGHT_COAL,2026-10-03 09:30:00,2026-10-03 09:57:00,90
COA-GQ-05208,Howrah-Chennai,BRC-MMCT,G-931,FREIGHT_CONTAINER,2026-10-03 09:45:00,2026-10-03 10:33:00,45
COA-GQ-05209,Delhi-Mumbai,NDLS-MTJ,18393,EXPRESS_PASSENGER,2026-10-03 10:00:00,2026-10-03 10:31:00,45
COA-GQ-05210,Howrah-Chennai,MTJ-KOTA,G-961,FREIGHT_CONTAINER,2026-10-03 10:15:00,2026-10-03 10:53:00,45
COA-GQ-05211,Mumbai-Chennai,SUR-PUNE,G-908,FREIGHT_CONTAINER,2026-10-03 10:30:00,2026-10-03 11:20:00,45
COA-GQ-05212,Howrah-Chennai,SUR-PUNE,17660,EXPRESS_PASSENGER,2026-10-03 10:45:00,2026-10-03 11:17:00,30
COA-GQ-05213,Howrah-Chennai,SUR-PUNE,12174,PREMIUM_PASSENGER,2026-10-03 11:00:00,2026-10-03 11:43:00,45
COA-GQ-05214,Delhi-Howrah,SUR-PUNE,17604,PREMIUM_PASSENGER,2026-10-03 11:15:00,2026-10-03 11:55:00,240
COA-GQ-05215,Delhi-Mumbai,NDLS-MTJ,G-981,FREIGHT_COAL,2026-10-03 11:30:00,2026-10-03 12:05:00,90
COA-GQ-05216,Howrah-Chennai,DDU-ASN,12100,EXPRESS_PASSENGER,2026-10-03 11:45:00,2026-10-03 12:31:00,90
COA-GQ-05217,Delhi-Mumbai,MTJ-KOTA,13018,EXPRESS_PASSENGER,2026-10-03 12:00:00,2026-10-03 12:57:00,45
COA-GQ-05218,Delhi-Howrah,DDU-ASN,G-875,FREIGHT_CONTAINER,2026-10-03 12:15:00,2026-10-03 12:42:00,90
COA-GQ-05219,Mumbai-Chennai,CNB-PRYJ,12107,EXPRESS_PASSENGER,2026-10-03 12:30:00,2026-10-03 13:16:00,90
COA-GQ-05220,Howrah-Chennai,HWH-KGP,G-900,FREIGHT_COAL,2026-10-03 12:45:00,2026-10-03 13:31:00,180
COA-GQ-05221,Mumbai-Chennai,SUR-PUNE,G-946,FREIGHT_CONTAINER,2026-10-03 13:00:00,2026-10-03 13:59:00,180
COA-GQ-05222,Delhi-Mumbai,BRC-MMCT,15439,PREMIUM_PASSENGER,2026-10-03 13:15:00,2026-10-03 14:07:00,45
COA-GQ-05223,Delhi-Mumbai,NDLS-MTJ,G-829,FREIGHT_CONTAINER,2026-10-03 13:30:00,2026-10-03 13:56:00,180
COA-GQ-05224,Mumbai-Chennai,HWH-KGP,G-987,FREIGHT_CONTAINER,2026-10-03 13:45:00,2026-10-03 14:33:00,45
COA-GQ-05225,Howrah-Chennai,RMA-BRC,G-871,FREIGHT_CONTAINER,2026-10-03 14:00:00,2026-10-03 14:32:00,45
COA-GQ-05226,Delhi-Howrah,BRC-MMCT,18766,EXPRESS_PASSENGER,2026-10-03 14:15:00,2026-10-03 14:47:00,90
COA-GQ-05227,Howrah-Chennai,MTJ-KOTA,21330,EXPRESS_PASSENGER,2026-10-03 14:30:00,2026-10-03 15:09:00,30
COA-GQ-05228,Delhi-Mumbai,BRC-MMCT,14808,PREMIUM_PASSENGER,2026-10-03 14:45:00,2026-10-03 15:12:00,30
COA-GQ-05229,Delhi-Howrah,CNB-PRYJ,G-866,FREIGHT_CONTAINER,2026-10-03 15:00:00,2026-10-03 15:41:00,45
COA-GQ-05230,Mumbai-Chennai,DDU-ASN,G-846,FREIGHT_CONTAINER,2026-10-03 15:15:00,2026-10-03 16:01:00,30
COA-GQ-05231,Delhi-Howrah,CNB-PRYJ,G-948,FREIGHT_CONTAINER,2026-10-03 15:30:00,2026-10-03 16:20:00,90
COA-GQ-05232,Delhi-Mumbai,NDLS-MTJ,15118,EXPRESS_PASSENGER,2026-10-03 15:45:00,2026-10-03 16:18:00,45
COA-GQ-05233,Howrah-Chennai,DDU-ASN,14868,EXPRESS_PASSENGER,2026-10-03 16:00:00,2026-10-03 16:46:00,45
COA-GQ-05234,Delhi-Mumbai,SUR-PUNE,13245,EXPRESS_PASSENGER,2026-10-03 16:15:00,2026-10-03 16:53:00,180
COA-GQ-05235,Delhi-Howrah,KOTA-RMA,12814,PREMIUM_PASSENGER,2026-10-03 16:30:00,2026-10-03 17:23:00,45
COA-GQ-05236,Delhi-Mumbai,BRC-MMCT,15810,PREMIUM_PASSENGER,2026-10-03 16:45:00,2026-10-03 17:40:00,90
COA-GQ-05237,Delhi-Mumbai,CNB-PRYJ,G-979,FREIGHT_COAL,2026-10-03 17:00:00,2026-10-03 17:56:00,45
COA-GQ-05238,Mumbai-Chennai,NDLS-MTJ,18201,PREMIUM_PASSENGER,2026-10-03 17:15:00,2026-10-03 17:57:00,45
COA-GQ-05239,Howrah-Chennai,DDU-ASN,12561,EXPRESS_PASSENGER,2026-10-03 17:30:00,2026-10-03 18:00:00,90
COA-GQ-05240,Mumbai-Chennai,BRC-MMCT,G-968,FREIGHT_COAL,2026-10-03 17:45:00,2026-10-03 18:23:00,30
COA-GQ-05241,Mumbai-Chennai,DDU-ASN,G-954,FREIGHT_CONTAINER,2026-10-03 18:00:00,2026-10-03 18:31:00,30
COA-GQ-05242,Mumbai-Chennai,BRC-MMCT,G-910,FREIGHT_CONTAINER,2026-10-03 18:15:00,2026-10-03 18:59:00,45
COA-GQ-05243,Mumbai-Chennai,HWH-KGP,21941,EXPRESS_PASSENGER,2026-10-03 18:30:00,2026-10-03 19:23:00,45
COA-GQ-05244,Mumbai-Chennai,CNB-PRYJ,13239,PREMIUM_PASSENGER,2026-10-03 18:45:00,2026-10-03 19:19:00,45
COA-GQ-05245,Mumbai-Chennai,CNB-PRYJ,14365,PREMIUM_PASSENGER,2026-10-03 19:00:00,2026-10-03 19:51:00,90
COA-GQ-05246,Delhi-Mumbai,BRC-MMCT,19783,PREMIUM_PASSENGER,2026-10-03 19:15:00,2026-10-03 19:52:00,240
COA-GQ-05247,Delhi-Mumbai,MTJ-KOTA,12124,EXPRESS_PASSENGER,2026-10-03 19:30:00,2026-10-03 20:07:00,180
COA-GQ-05248,Mumbai-Chennai,KOTA-RMA,19849,PREMIUM_PASSENGER,2026-10-03 19:45:00,2026-10-03 20:14:00,90
COA-GQ-05249,Delhi-Mumbai,BRC-MMCT,G-976,FREIGHT_CONTAINER,2026-10-03 20:00:00,2026-10-03 20:34:00,45
COA-GQ-05250,Howrah-Chennai,HWH-KGP,13142,PREMIUM_PASSENGER,2026-10-03 20:15:00,2026-10-03 21:03:00,45
COA-GQ-05251,Howrah-Chennai,DDU-ASN,G-825,FREIGHT_CONTAINER,2026-10-03 20:30:00,2026-10-03 21:24:00,180
COA-GQ-05252,Delhi-Howrah,BRC-MMCT,G-862,FREIGHT_COAL,2026-10-03 20:45:00,2026-10-03 21:20:00,45
COA-GQ-05253,Mumbai-Chennai,MTJ-KOTA,G-962,FREIGHT_CONTAINER,2026-10-03 21:00:00,2026-10-03 21:47:00,90
COA-GQ-05254,Mumbai-Chennai,DDU-ASN,G-874,FREIGHT_CONTAINER,2026-10-03 21:15:00,2026-10-03 21:44:00,90
COA-GQ-05255,Howrah-Chennai,NDLS-MTJ,17740,PREMIUM_PASSENGER,2026-10-03 21:30:00,2026-10-03 22:25:00,45
COA-GQ-05256,Delhi-Mumbai,SUR-PUNE,G-919,FREIGHT_COAL,2026-10-03 21:45:00,2026-10-03 22:24:00,90
COA-GQ-05257,Mumbai-Chennai,HWH-KGP,20609,EXPRESS_PASSENGER,2026-10-03 22:00:00,2026-10-03 22:28:00,30
COA-GQ-05258,Mumbai-Chennai,BZA-MAS,21415,EXPRESS_PASSENGER,2026-10-03 22:15:00,2026-10-03 22:48:00,90
COA-GQ-05259,Howrah-Chennai,BZA-MAS,G-929,FREIGHT_CONTAINER,2026-10-03 22:30:00,2026-10-03 23:06:00,240
COA-GQ-05260,Howrah-Chennai,HWH-KGP,20744,PREMIUM_PASSENGER,2026-10-03 22:45:00,2026-10-03 23:23:00,30
COA-GQ-05261,Delhi-Howrah,CNB-PRYJ,G-927,FREIGHT_CONTAINER,2026-10-03 23:00:00,2026-10-03 23:38:00,30
COA-GQ-05262,Howrah-Chennai,NDLS-MTJ,18156,PREMIUM_PASSENGER,2026-10-03 23:15:00,2026-10-04 00:11:00,90
COA-GQ-05263,Mumbai-Chennai,BZA-MAS,G-965,FREIGHT_COAL,2026-10-03 23:30:00,2026-10-04 00:19:00,90
COA-GQ-05264,Delhi-Howrah,BZA-MAS,G-822,FREIGHT_CONTAINER,2026-10-03 23:45:00,2026-10-04 00:15:00,45
COA-GQ-05265,Howrah-Chennai,CNB-PRYJ,18437,EXPRESS_PASSENGER,2026-10-04 00:00:00,2026-10-04 00:58:00,90
COA-GQ-05266,Delhi-Howrah,HWH-KGP,G-903,FREIGHT_CONTAINER,2026-10-04 00:15:00,2026-10-04 00:47:00,45
COA-GQ-05267,Mumbai-Chennai,CNB-PRYJ,20534,EXPRESS_PASSENGER,2026-10-04 00:30:00,2026-10-04 01:29:00,45
COA-GQ-05268,Howrah-Chennai,SUR-PUNE,18227,EXPRESS_PASSENGER,2026-10-04 00:45:00,2026-10-04 01:14:00,45
COA-GQ-05269,Delhi-Howrah,MTJ-KOTA,G-806,FREIGHT_COAL,2026-10-04 01:00:00,2026-10-04 01:48:00,90
COA-GQ-05270,Delhi-Mumbai,BRC-MMCT,19145,EXPRESS_PASSENGER,2026-10-04 01:15:00,2026-10-04 02:01:00,180
COA-GQ-05271,Mumbai-Chennai,SUR-PUNE,14160,PREMIUM_PASSENGER,2026-10-04 01:30:00,2026-10-04 02:03:00,90
COA-GQ-05272,Howrah-Chennai,DDU-ASN,20112,PREMIUM_PASSENGER,2026-10-04 01:45:00,2026-10-04 02:31:00,90
COA-GQ-05273,Howrah-Chennai,RMA-BRC,17608,EXPRESS_PASSENGER,2026-10-04 02:00:00,2026-10-04 02:54:00,90
COA-GQ-05274,Mumbai-Chennai,HWH-KGP,G-955,FREIGHT_CONTAINER,2026-10-04 02:15:00,2026-10-04 02:46:00,45
COA-GQ-05275,Delhi-Mumbai,SUR-PUNE,G-810,FREIGHT_CONTAINER,2026-10-04 02:30:00,2026-10-04 03:10:00,90
COA-GQ-05276,Mumbai-Chennai,KOTA-RMA,G-971,FREIGHT_CONTAINER,2026-10-04 02:45:00,2026-10-04 03:23:00,90
COA-GQ-05277,Delhi-Mumbai,KOTA-RMA,G-863,FREIGHT_CONTAINER,2026-10-04 03:00:00,2026-10-04 03:25:00,45
COA-GQ-05278,Howrah-Chennai,BRC-MMCT,G-884,FREIGHT_CONTAINER,2026-10-04 03:15:00,2026-10-04 03:51:00,90
COA-GQ-05279,Mumbai-Chennai,BRC-MMCT,13614,PREMIUM_PASSENGER,2026-10-04 03:30:00,2026-10-04 04:26:00,45
COA-GQ-05280,Delhi-Mumbai,CNB-PRYJ,18639,EXPRESS_PASSENGER,2026-10-04 03:45:00,2026-10-04 04:43:00,45
COA-GQ-05281,Mumbai-Chennai,DDU-ASN,17733,PREMIUM_PASSENGER,2026-10-04 04:00:00,2026-10-04 04:29:00,240
COA-GQ-05282,Delhi-Mumbai,NDLS-MTJ,16364,PREMIUM_PASSENGER,2026-10-04 04:15:00,2026-10-04 05:12:00,30
COA-GQ-05283,Delhi-Howrah,KOTA-RMA,20841,PREMIUM_PASSENGER,2026-10-04 04:30:00,2026-10-04 05:27:00,45
COA-GQ-05284,Howrah-Chennai,RMA-BRC,12978,PREMIUM_PASSENGER,2026-10-04 04:45:00,2026-10-04 05:13:00,90
COA-GQ-05285,Delhi-Mumbai,DDU-ASN,G-977,FREIGHT_CONTAINER,2026-10-04 05:00:00,2026-10-04 05:31:00,45
COA-GQ-05286,Delhi-Howrah,RMA-BRC,19273,EXPRESS_PASSENGER,2026-10-04 05:15:00,2026-10-04 05:48:00,90
COA-GQ-05287,Mumbai-Chennai,SUR-PUNE,G-864,FREIGHT_CONTAINER,2026-10-04 05:30:00,2026-10-04 06:16:00,30
COA-GQ-05288,Mumbai-Chennai,MTJ-KOTA,12171,EXPRESS_PASSENGER,2026-10-04 05:45:00,2026-10-04 06:27:00,90
COA-GQ-05289,Delhi-Howrah,RMA-BRC,13049,EXPRESS_PASSENGER,2026-10-04 06:00:00,2026-10-04 06:54:00,90
COA-GQ-05290,Delhi-Howrah,HWH-KGP,20272,EXPRESS_PASSENGER,2026-10-04 06:15:00,2026-10-04 06:53:00,45
COA-GQ-05291,Mumbai-Chennai,KOTA-RMA,20998,EXPRESS_PASSENGER,2026-10-04 06:30:00,2026-10-04 07:17:00,240
COA-GQ-05292,Mumbai-Chennai,HWH-KGP,G-869,FREIGHT_CONTAINER,2026-10-04 06:45:00,2026-10-04 07:37:00,45
COA-GQ-05293,Delhi-Mumbai,MTJ-KOTA,G-956,FREIGHT_COAL,2026-10-04 07:00:00,2026-10-04 07:33:00,45
COA-GQ-05294,Delhi-Howrah,DDU-ASN,G-833,FREIGHT_CONTAINER,2026-10-04 07:15:00,2026-10-04 08:03:00,90
COA-GQ-05295,Howrah-Chennai,BZA-MAS,14655,PREMIUM_PASSENGER,2026-10-04 07:30:00,2026-10-04 08:27:00,90
COA-GQ-05296,Howrah-Chennai,BZA-MAS,G-917,FREIGHT_CONTAINER,2026-10-04 07:45:00,2026-10-04 08:14:00,240
COA-GQ-05297,Mumbai-Chennai,MTJ-KOTA,17396,PREMIUM_PASSENGER,2026-10-04 08:00:00,2026-10-04 08:48:00,45
COA-GQ-05298,Mumbai-Chennai,BZA-MAS,G-915,FREIGHT_COAL,2026-10-04 08:15:00,2026-10-04 09:00:00,45
COA-GQ-05299,Howrah-Chennai,RMA-BRC,G-961,FREIGHT_COAL,2026-10-04 08:30:00,2026-10-04 09:16:00,90
COA-GQ-05300,Mumbai-Chennai,CNB-PRYJ,13999,PREMIUM_PASSENGER,2026-10-04 08:45:00,2026-10-04 09:32:00,45
COA-GQ-05301,Delhi-Mumbai,BRC-MMCT,G-920,FREIGHT_CONTAINER,2026-10-04 09:00:00,2026-10-04 09:30:00,90
COA-GQ-05302,Howrah-Chennai,DDU-ASN,G-974,FREIGHT_CONTAINER,2026-10-04 09:15:00,2026-10-04 09:51:00,45
COA-GQ-05303,Delhi-Mumbai,KOTA-RMA,G-986,FREIGHT_CONTAINER,2026-10-04 09:30:00,2026-10-04 10:18:00,240
COA-GQ-05304,Mumbai-Chennai,NDLS-MTJ,18060,EXPRESS_PASSENGER,2026-10-04 09:45:00,2026-10-04 10:39:00,240
COA-GQ-05305,Delhi-Howrah,SUR-PUNE,G-854,FREIGHT_COAL,2026-10-04 10:00:00,2026-10-04 10:34:00,240
COA-GQ-05306,Delhi-Mumbai,RMA-BRC,G-937,FREIGHT_CONTAINER,2026-10-04 10:15:00,2026-10-04 11:02:00,90
COA-GQ-05307,Delhi-Mumbai,MTJ-KOTA,G-903,FREIGHT_CONTAINER,2026-10-04 10:30:00,2026-10-04 11:23:00,45
COA-GQ-05308,Delhi-Howrah,MTJ-KOTA,G-820,FREIGHT_CONTAINER,2026-10-04 10:45:00,2026-10-04 11:19:00,90
COA-GQ-05309,Howrah-Chennai,MTJ-KOTA,19142,EXPRESS_PASSENGER,2026-10-04 11:00:00,2026-10-04 11:26:00,90
COA-GQ-05310,Mumbai-Chennai,NDLS-MTJ,G-867,FREIGHT_CONTAINER,2026-10-04 11:15:00,2026-10-04 11:59:00,30
COA-GQ-05311,Howrah-Chennai,BZA-MAS,G-848,FREIGHT_CONTAINER,2026-10-04 11:30:00,2026-10-04 11:59:00,45
COA-GQ-05312,Delhi-Howrah,KOTA-RMA,G-839,FREIGHT_COAL,2026-10-04 11:45:00,2026-10-04 12:27:00,45
COA-GQ-05313,Howrah-Chennai,HWH-KGP,G-864,FREIGHT_COAL,2026-10-04 12:00:00,2026-10-04 12:41:00,30
COA-GQ-05314,Mumbai-Chennai,HWH-KGP,18683,EXPRESS_PASSENGER,2026-10-04 12:15:00,2026-10-04 12:44:00,90
COA-GQ-05315,Delhi-Mumbai,BRC-MMCT,21945,EXPRESS_PASSENGER,2026-10-04 12:30:00,2026-10-04 12:57:00,90
COA-GQ-05316,Mumbai-Chennai,NDLS-MTJ,G-872,FREIGHT_CONTAINER,2026-10-04 12:45:00,2026-10-04 13:12:00,45
COA-GQ-05317,Delhi-Howrah,BZA-MAS,16722,PREMIUM_PASSENGER,2026-10-04 13:00:00,2026-10-04 13:58:00,45
COA-GQ-05318,Delhi-Mumbai,RMA-BRC,G-990,FREIGHT_COAL,2026-10-04 13:15:00,2026-10-04 14:04:00,240
COA-GQ-05319,Mumbai-Chennai,HWH-KGP,15723,EXPRESS_PASSENGER,2026-10-04 13:30:00,2026-10-04 14:00:00,90
COA-GQ-05320,Mumbai-Chennai,SUR-PUNE,G-894,FREIGHT_CONTAINER,2026-10-04 13:45:00,2026-10-04 14:42:00,180
COA-GQ-05321,Mumbai-Chennai,KOTA-RMA,G-912,FREIGHT_CONTAINER,2026-10-04 14:00:00,2026-10-04 14:38:00,30
COA-GQ-05322,Delhi-Howrah,KOTA-RMA,G-981,FREIGHT_CONTAINER,2026-10-04 14:15:00,2026-10-04 15:01:00,240
COA-GQ-05323,Delhi-Mumbai,KOTA-RMA,G-831,FREIGHT_CONTAINER,2026-10-04 14:30:00,2026-10-04 15:29:00,90
COA-GQ-05324,Delhi-Howrah,CNB-PRYJ,G-967,FREIGHT_CONTAINER,2026-10-04 14:45:00,2026-10-04 15:28:00,90
COA-GQ-05325,Mumbai-Chennai,RMA-BRC,20736,PREMIUM_PASSENGER,2026-10-04 15:00:00,2026-10-04 15:59:00,45
COA-GQ-05326,Mumbai-Chennai,CNB-PRYJ,G-939,FREIGHT_COAL,2026-10-04 15:15:00,2026-10-04 15:58:00,45
COA-GQ-05327,Delhi-Mumbai,RMA-BRC,18299,EXPRESS_PASSENGER,2026-10-04 15:30:00,2026-10-04 15:57:00,45
COA-GQ-05328,Howrah-Chennai,RMA-BRC,G-938,FREIGHT_CONTAINER,2026-10-04 15:45:00,2026-10-04 16:15:00,45
COA-GQ-05329,Howrah-Chennai,CNB-PRYJ,G-834,FREIGHT_CONTAINER,2026-10-04 16:00:00,2026-10-04 16:37:00,90
COA-GQ-05330,Mumbai-Chennai,BRC-MMCT,19956,EXPRESS_PASSENGER,2026-10-04 16:15:00,2026-10-04 16:57:00,90
COA-GQ-05331,Howrah-Chennai,KOTA-RMA,19257,PREMIUM_PASSENGER,2026-10-04 16:30:00,2026-10-04 17:17:00,45
COA-GQ-05332,Howrah-Chennai,KOTA-RMA,G-809,FREIGHT_COAL,2026-10-04 16:45:00,2026-10-04 17:32:00,90
COA-GQ-05333,Mumbai-Chennai,BRC-MMCT,G-868,FREIGHT_CONTAINER,2026-10-04 17:00:00,2026-10-04 17:43:00,30
COA-GQ-05334,Delhi-Howrah,BRC-MMCT,16486,EXPRESS_PASSENGER,2026-10-04 17:15:00,2026-10-04 17:47:00,90
COA-GQ-05335,Howrah-Chennai,RMA-BRC,15319,PREMIUM_PASSENGER,2026-10-04 17:30:00,2026-10-04 17:58:00,45
COA-GQ-05336,Mumbai-Chennai,RMA-BRC,12356,PREMIUM_PASSENGER,2026-10-04 17:45:00,2026-10-04 18:38:00,90
COA-GQ-05337,Delhi-Mumbai,RMA-BRC,G-843,FREIGHT_COAL,2026-10-04 18:00:00,2026-10-04 18:53:00,45
COA-GQ-05338,Howrah-Chennai,MTJ-KOTA,13487,EXPRESS_PASSENGER,2026-10-04 18:15:00,2026-10-04 18:52:00,240
COA-GQ-05339,Delhi-Mumbai,CNB-PRYJ,G-866,FREIGHT_CONTAINER,2026-10-04 18:30:00,2026-10-04 19:00:00,240
COA-GQ-05340,Mumbai-Chennai,BRC-MMCT,14631,PREMIUM_PASSENGER,2026-10-04 18:45:00,2026-10-04 19:42:00,30
COA-GQ-05341,Delhi-Howrah,MTJ-KOTA,12528,PREMIUM_PASSENGER,2026-10-04 19:00:00,2026-10-04 19:50:00,45
COA-GQ-05342,Mumbai-Chennai,NDLS-MTJ,16905,EXPRESS_PASSENGER,2026-10-04 19:15:00,2026-10-04 20:11:00,90
COA-GQ-05343,Delhi-Mumbai,HWH-KGP,17562,EXPRESS_PASSENGER,2026-10-04 19:30:00,2026-10-04 20:11:00,45
COA-GQ-05344,Mumbai-Chennai,MTJ-KOTA,13028,EXPRESS_PASSENGER,2026-10-04 19:45:00,2026-10-04 20:31:00,45
COA-GQ-05345,Howrah-Chennai,CNB-PRYJ,16210,PREMIUM_PASSENGER,2026-10-04 20:00:00,2026-10-04 20:40:00,45
COA-GQ-05346,Delhi-Howrah,NDLS-MTJ,G-842,FREIGHT_COAL,2026-10-04 20:15:00,2026-10-04 20:54:00,90
COA-GQ-05347,Mumbai-Chennai,BRC-MMCT,21285,EXPRESS_PASSENGER,2026-10-04 20:30:00,2026-10-04 20:59:00,45
COA-GQ-05348,Delhi-Howrah,BZA-MAS,21352,EXPRESS_PASSENGER,2026-10-04 20:45:00,2026-10-04 21:38:00,90
COA-GQ-05349,Delhi-Howrah,RMA-BRC,13152,EXPRESS_PASSENGER,2026-10-04 21:00:00,2026-10-04 21:51:00,45
COA-GQ-05350,Delhi-Howrah,SUR-PUNE,G-903,FREIGHT_COAL,2026-10-04 21:15:00,2026-10-04 21:50:00,180
COA-GQ-05351,Delhi-Mumbai,CNB-PRYJ,12944,EXPRESS_PASSENGER,2026-10-04 21:30:00,2026-10-04 22:03:00,30
COA-GQ-05352,Howrah-Chennai,HWH-KGP,G-823,FREIGHT_COAL,2026-10-04 21:45:00,2026-10-04 22:30:00,45
COA-GQ-05353,Howrah-Chennai,BRC-MMCT,G-959,FREIGHT_COAL,2026-10-04 22:00:00,2026-10-04 22:26:00,90
COA-GQ-05354,Mumbai-Chennai,HWH-KGP,G-825,FREIGHT_CONTAINER,2026-10-04 22:15:00,2026-10-04 22:52:00,90
COA-GQ-05355,Howrah-Chennai,RMA-BRC,12830,EXPRESS_PASSENGER,2026-10-04 22:30:00,2026-10-04 23:12:00,30
COA-GQ-05356,Howrah-Chennai,DDU-ASN,G-870,FREIGHT_COAL,2026-10-04 22:45:00,2026-10-04 23:10:00,180
COA-GQ-05357,Mumbai-Chennai,MTJ-KOTA,G-998,FREIGHT_COAL,2026-10-04 23:00:00,2026-10-04 23:34:00,30
COA-GQ-05358,Delhi-Howrah,BZA-MAS,G-890,FREIGHT_COAL,2026-10-04 23:15:00,2026-10-05 00:02:00,90
COA-GQ-05359,Howrah-Chennai,CNB-PRYJ,15587,PREMIUM_PASSENGER,2026-10-04 23:30:00,2026-10-05 00:21:00,45
COA-GQ-05360,Mumbai-Chennai,KOTA-RMA,12702,EXPRESS_PASSENGER,2026-10-04 23:45:00,2026-10-05 00:12:00,45
COA-GQ-05361,Delhi-Howrah,NDLS-MTJ,13878,PREMIUM_PASSENGER,2026-10-05 00:00:00,2026-10-05 00:54:00,90
COA-GQ-05362,Delhi-Mumbai,NDLS-MTJ,G-848,FREIGHT_CONTAINER,2026-10-05 00:15:00,2026-10-05 00:59:00,30
COA-GQ-05363,Delhi-Mumbai,KOTA-RMA,G-801,FREIGHT_COAL,2026-10-05 00:30:00,2026-10-05 01:07:00,45
COA-GQ-05364,Delhi-Howrah,BRC-MMCT,G-855,FREIGHT_COAL,2026-10-05 00:45:00,2026-10-05 01:16:00,90
COA-GQ-05365,Howrah-Chennai,BZA-MAS,20507,EXPRESS_PASSENGER,2026-10-05 01:00:00,2026-10-05 01:37:00,45
COA-GQ-05366,Mumbai-Chennai,MTJ-KOTA,G-932,FREIGHT_CONTAINER,2026-10-05 01:15:00,2026-10-05 01:59:00,180
COA-GQ-05367,Howrah-Chennai,CNB-PRYJ,14415,EXPRESS_PASSENGER,2026-10-05 01:30:00,2026-10-05 02:05:00,45
COA-GQ-05368,Delhi-Mumbai,MTJ-KOTA,G-990,FREIGHT_CONTAINER,2026-10-05 01:45:00,2026-10-05 02:15:00,45
COA-GQ-05369,Howrah-Chennai,BZA-MAS,G-959,FREIGHT_COAL,2026-10-05 02:00:00,2026-10-05 02:37:00,90
COA-GQ-05370,Delhi-Mumbai,HWH-KGP,15285,PREMIUM_PASSENGER,2026-10-05 02:15:00,2026-10-05 02:47:00,30
COA-GQ-05371,Howrah-Chennai,BZA-MAS,18174,EXPRESS_PASSENGER,2026-10-05 02:30:00,2026-10-05 03:04:00,180
COA-GQ-05372,Delhi-Mumbai,BRC-MMCT,G-835,FREIGHT_COAL,2026-10-05 02:45:00,2026-10-05 03:35:00,90
COA-GQ-05373,Mumbai-Chennai,KOTA-RMA,18147,EXPRESS_PASSENGER,2026-10-05 03:00:00,2026-10-05 03:33:00,45
COA-GQ-05374,Delhi-Mumbai,BRC-MMCT,13607,EXPRESS_PASSENGER,2026-10-05 03:15:00,2026-10-05 04:01:00,30
COA-GQ-05375,Delhi-Mumbai,BRC-MMCT,15791,EXPRESS_PASSENGER,2026-10-05 03:30:00,2026-10-05 04:10:00,45
COA-GQ-05376,Delhi-Mumbai,HWH-KGP,20667,EXPRESS_PASSENGER,2026-10-05 03:45:00,2026-10-05 04:12:00,90
COA-GQ-05377,Delhi-Mumbai,NDLS-MTJ,G-998,FREIGHT_CONTAINER,2026-10-05 04:00:00,2026-10-05 04:47:00,45
COA-GQ-05378,Delhi-Mumbai,HWH-KGP,21454,EXPRESS_PASSENGER,2026-10-05 04:15:00,2026-10-05 04:59:00,45
COA-GQ-05379,Delhi-Howrah,NDLS-MTJ,G-838,FREIGHT_COAL,2026-10-05 04:30:00,2026-10-05 04:59:00,45
COA-GQ-05380,Howrah-Chennai,HWH-KGP,G-881,FREIGHT_COAL,2026-10-05 04:45:00,2026-10-05 05:30:00,240
COA-GQ-05381,Delhi-Howrah,DDU-ASN,G-877,FREIGHT_COAL,2026-10-05 05:00:00,2026-10-05 05:39:00,90
COA-GQ-05382,Delhi-Howrah,MTJ-KOTA,G-926,FREIGHT_CONTAINER,2026-10-05 05:15:00,2026-10-05 06:10:00,180
COA-GQ-05383,Delhi-Mumbai,MTJ-KOTA,18608,PREMIUM_PASSENGER,2026-10-05 05:30:00,2026-10-05 06:04:00,45
COA-GQ-05384,Mumbai-Chennai,CNB-PRYJ,15124,EXPRESS_PASSENGER,2026-10-05 05:45:00,2026-10-05 06:36:00,45
COA-GQ-05385,Delhi-Mumbai,MTJ-KOTA,G-900,FREIGHT_COAL,2026-10-05 06:00:00,2026-10-05 06:52:00,45
COA-GQ-05386,Delhi-Howrah,KOTA-RMA,20266,PREMIUM_PASSENGER,2026-10-05 06:15:00,2026-10-05 07:08:00,45
COA-GQ-05387,Howrah-Chennai,BZA-MAS,G-847,FREIGHT_CONTAINER,2026-10-05 06:30:00,2026-10-05 07:08:00,90
COA-GQ-05388,Howrah-Chennai,DDU-ASN,17803,EXPRESS_PASSENGER,2026-10-05 06:45:00,2026-10-05 07:16:00,30
COA-GQ-05389,Mumbai-Chennai,DDU-ASN,21301,PREMIUM_PASSENGER,2026-10-05 07:00:00,2026-10-05 07:47:00,45
COA-GQ-05390,Mumbai-Chennai,KOTA-RMA,G-945,FREIGHT_COAL,2026-10-05 07:15:00,2026-10-05 07:40:00,45
COA-GQ-05391,Delhi-Howrah,NDLS-MTJ,G-969,FREIGHT_CONTAINER,2026-10-05 07:30:00,2026-10-05 08:23:00,45
COA-GQ-05392,Delhi-Howrah,SUR-PUNE,G-878,FREIGHT_CONTAINER,2026-10-05 07:45:00,2026-10-05 08:30:00,180
COA-GQ-05393,Delhi-Mumbai,SUR-PUNE,G-832,FREIGHT_CONTAINER,2026-10-05 08:00:00,2026-10-05 08:45:00,45
COA-GQ-05394,Mumbai-Chennai,MTJ-KOTA,21088,EXPRESS_PASSENGER,2026-10-05 08:15:00,2026-10-05 08:54:00,30
COA-GQ-05395,Delhi-Howrah,CNB-PRYJ,13385,EXPRESS_PASSENGER,2026-10-05 08:30:00,2026-10-05 09:10:00,90
COA-GQ-05396,Delhi-Mumbai,SUR-PUNE,13620,EXPRESS_PASSENGER,2026-10-05 08:45:00,2026-10-05 09:44:00,45
COA-GQ-05397,Howrah-Chennai,MTJ-KOTA,15897,PREMIUM_PASSENGER,2026-10-05 09:00:00,2026-10-05 09:45:00,180
COA-GQ-05398,Mumbai-Chennai,CNB-PRYJ,G-951,FREIGHT_CONTAINER,2026-10-05 09:15:00,2026-10-05 09:43:00,90
COA-GQ-05399,Delhi-Howrah,MTJ-KOTA,12236,EXPRESS_PASSENGER,2026-10-05 09:30:00,2026-10-05 10:00:00,30
COA-GQ-05400,Delhi-Howrah,HWH-KGP,13032,EXPRESS_PASSENGER,2026-10-05 09:45:00,2026-10-05 10:19:00,90
COA-GQ-05401,Mumbai-Chennai,DDU-ASN,15132,PREMIUM_PASSENGER,2026-10-05 10:00:00,2026-10-05 10:58:00,45
COA-GQ-05402,Howrah-Chennai,NDLS-MTJ,G-844,FREIGHT_COAL,2026-10-05 10:15:00,2026-10-05 10:47:00,45
COA-GQ-05403,Mumbai-Chennai,NDLS-MTJ,20097,EXPRESS_PASSENGER,2026-10-05 10:30:00,2026-10-05 11:21:00,180
COA-GQ-05404,Delhi-Howrah,BZA-MAS,16887,EXPRESS_PASSENGER,2026-10-05 10:45:00,2026-10-05 11:35:00,30
COA-GQ-05405,Delhi-Mumbai,BRC-MMCT,15759,EXPRESS_PASSENGER,2026-10-05 11:00:00,2026-10-05 11:37:00,180
COA-GQ-05406,Howrah-Chennai,BRC-MMCT,G-865,FREIGHT_COAL,2026-10-05 11:15:00,2026-10-05 11:58:00,30
COA-GQ-05407,Howrah-Chennai,KOTA-RMA,G-996,FREIGHT_COAL,2026-10-05 11:30:00,2026-10-05 12:04:00,240
COA-GQ-05408,Delhi-Mumbai,HWH-KGP,G-887,FREIGHT_CONTAINER,2026-10-05 11:45:00,2026-10-05 12:44:00,90
COA-GQ-05409,Delhi-Howrah,CNB-PRYJ,13217,PREMIUM_PASSENGER,2026-10-05 12:00:00,2026-10-05 12:47:00,90
COA-GQ-05410,Mumbai-Chennai,DDU-ASN,G-852,FREIGHT_COAL,2026-10-05 12:15:00,2026-10-05 13:08:00,90
COA-GQ-05411,Delhi-Mumbai,BRC-MMCT,20471,PREMIUM_PASSENGER,2026-10-05 12:30:00,2026-10-05 13:04:00,90
COA-GQ-05412,Delhi-Howrah,MTJ-KOTA,G-805,FREIGHT_COAL,2026-10-05 12:45:00,2026-10-05 13:12:00,90
COA-GQ-05413,Delhi-Howrah,BZA-MAS,G-969,FREIGHT_COAL,2026-10-05 13:00:00,2026-10-05 13:27:00,30
COA-GQ-05414,Howrah-Chennai,KOTA-RMA,G-882,FREIGHT_CONTAINER,2026-10-05 13:15:00,2026-10-05 14:01:00,90
COA-GQ-05415,Howrah-Chennai,CNB-PRYJ,20212,EXPRESS_PASSENGER,2026-10-05 13:30:00,2026-10-05 14:20:00,45
COA-GQ-05416,Delhi-Howrah,DDU-ASN,G-947,FREIGHT_COAL,2026-10-05 13:45:00,2026-10-05 14:39:00,45
COA-GQ-05417,Howrah-Chennai,BZA-MAS,G-941,FREIGHT_CONTAINER,2026-10-05 14:00:00,2026-10-05 14:28:00,180
COA-GQ-05418,Delhi-Mumbai,MTJ-KOTA,G-974,FREIGHT_COAL,2026-10-05 14:15:00,2026-10-05 15:05:00,45
COA-GQ-05419,Delhi-Howrah,KOTA-RMA,13420,EXPRESS_PASSENGER,2026-10-05 14:30:00,2026-10-05 15:29:00,45
COA-GQ-05420,Delhi-Howrah,KOTA-RMA,19619,EXPRESS_PASSENGER,2026-10-05 14:45:00,2026-10-05 15:12:00,90
COA-GQ-05421,Howrah-Chennai,DDU-ASN,15444,EXPRESS_PASSENGER,2026-10-05 15:00:00,2026-10-05 15:57:00,90
COA-GQ-05422,Mumbai-Chennai,CNB-PRYJ,G-845,FREIGHT_COAL,2026-10-05 15:15:00,2026-10-05 15:53:00,240
COA-GQ-05423,Delhi-Howrah,CNB-PRYJ,14696,EXPRESS_PASSENGER,2026-10-05 15:30:00,2026-10-05 16:12:00,90
COA-GQ-05424,Mumbai-Chennai,MTJ-KOTA,17125,EXPRESS_PASSENGER,2026-10-05 15:45:00,2026-10-05 16:22:00,45
COA-GQ-05425,Mumbai-Chennai,SUR-PUNE,12772,PREMIUM_PASSENGER,2026-10-05 16:00:00,2026-10-05 16:49:00,45
COA-GQ-05426,Delhi-Mumbai,HWH-KGP,G-856,FREIGHT_COAL,2026-10-05 16:15:00,2026-10-05 17:03:00,90
COA-GQ-05427,Mumbai-Chennai,KOTA-RMA,21790,PREMIUM_PASSENGER,2026-10-05 16:30:00,2026-10-05 17:06:00,45
COA-GQ-05428,Delhi-Howrah,MTJ-KOTA,G-879,FREIGHT_COAL,2026-10-05 16:45:00,2026-10-05 17:28:00,90
COA-GQ-05429,Delhi-Mumbai,HWH-KGP,G-837,FREIGHT_CONTAINER,2026-10-05 17:00:00,2026-10-05 17:27:00,30
COA-GQ-05430,Mumbai-Chennai,SUR-PUNE,G-863,FREIGHT_CONTAINER,2026-10-05 17:15:00,2026-10-05 17:55:00,90
COA-GQ-05431,Howrah-Chennai,BRC-MMCT,G-931,FREIGHT_CONTAINER,2026-10-05 17:30:00,2026-10-05 18:01:00,45
COA-GQ-05432,Delhi-Howrah,CNB-PRYJ,G-861,FREIGHT_CONTAINER,2026-10-05 17:45:00,2026-10-05 18:13:00,240
COA-GQ-05433,Mumbai-Chennai,DDU-ASN,G-936,FREIGHT_CONTAINER,2026-10-05 18:00:00,2026-10-05 18:33:00,240
COA-GQ-05434,Delhi-Mumbai,HWH-KGP,G-982,FREIGHT_CONTAINER,2026-10-05 18:15:00,2026-10-05 18:50:00,30
COA-GQ-05435,Delhi-Mumbai,HWH-KGP,G-912,FREIGHT_COAL,2026-10-05 18:30:00,2026-10-05 19:29:00,45
COA-GQ-05436,Delhi-Mumbai,DDU-ASN,21630,PREMIUM_PASSENGER,2026-10-05 18:45:00,2026-10-05 19:28:00,90
COA-GQ-05437,Delhi-Howrah,BRC-MMCT,G-971,FREIGHT_COAL,2026-10-05 19:00:00,2026-10-05 19:41:00,30
COA-GQ-05438,Mumbai-Chennai,MTJ-KOTA,G-947,FREIGHT_COAL,2026-10-05 19:15:00,2026-10-05 20:07:00,90
COA-GQ-05439,Delhi-Mumbai,NDLS-MTJ,18792,EXPRESS_PASSENGER,2026-10-05 19:30:00,2026-10-05 20:26:00,90
COA-GQ-05440,Mumbai-Chennai,RMA-BRC,18459,PREMIUM_PASSENGER,2026-10-05 19:45:00,2026-10-05 20:18:00,240
COA-GQ-05441,Delhi-Mumbai,RMA-BRC,17965,EXPRESS_PASSENGER,2026-10-05 20:00:00,2026-10-05 20:59:00,90
COA-GQ-05442,Mumbai-Chennai,BZA-MAS,12195,PREMIUM_PASSENGER,2026-10-05 20:15:00,2026-10-05 20:53:00,45
COA-GQ-05443,Howrah-Chennai,RMA-BRC,G-842,FREIGHT_CONTAINER,2026-10-05 20:30:00,2026-10-05 21:07:00,45
COA-GQ-05444,Mumbai-Chennai,SUR-PUNE,G-964,FREIGHT_COAL,2026-10-05 20:45:00,2026-10-05 21:17:00,90
COA-GQ-05445,Mumbai-Chennai,RMA-BRC,13251,PREMIUM_PASSENGER,2026-10-05 21:00:00,2026-10-05 21:50:00,90
COA-GQ-05446,Delhi-Mumbai,KOTA-RMA,G-956,FREIGHT_CONTAINER,2026-10-05 21:15:00,2026-10-05 21:55:00,90
COA-GQ-05447,Delhi-Howrah,NDLS-MTJ,G-929,FREIGHT_CONTAINER,2026-10-05 21:30:00,2026-10-05 22:10:00,45
COA-GQ-05448,Howrah-Chennai,SUR-PUNE,G-821,FREIGHT_CONTAINER,2026-10-05 21:45:00,2026-10-05 22:14:00,30
COA-GQ-05449,Delhi-Howrah,DDU-ASN,18229,PREMIUM_PASSENGER,2026-10-05 22:00:00,2026-10-05 22:40:00,30
COA-GQ-05450,Mumbai-Chennai,NDLS-MTJ,G-916,FREIGHT_COAL,2026-10-05 22:15:00,2026-10-05 22:51:00,180
COA-GQ-05451,Mumbai-Chennai,DDU-ASN,G-885,FREIGHT_CONTAINER,2026-10-05 22:30:00,2026-10-05 23:22:00,90
COA-GQ-05452,Mumbai-Chennai,CNB-PRYJ,G-948,FREIGHT_CONTAINER,2026-10-05 22:45:00,2026-10-05 23:24:00,30
COA-GQ-05453,Mumbai-Chennai,BRC-MMCT,16964,EXPRESS_PASSENGER,2026-10-05 23:00:00,2026-10-05 23:30:00,45
COA-GQ-05454,Mumbai-Chennai,DDU-ASN,G-836,FREIGHT_COAL,2026-10-05 23:15:00,2026-10-06 00:05:00,45
COA-GQ-05455,Mumbai-Chennai,HWH-KGP,12106,PREMIUM_PASSENGER,2026-10-05 23:30:00,2026-10-06 00:07:00,45
COA-GQ-05456,Delhi-Howrah,CNB-PRYJ,G-993,FREIGHT_CONTAINER,2026-10-05 23:45:00,2026-10-06 00:41:00,45
COA-GQ-05457,Howrah-Chennai,NDLS-MTJ,16289,PREMIUM_PASSENGER,2026-10-06 00:00:00,2026-10-06 00:35:00,90
COA-GQ-05458,Mumbai-Chennai,BRC-MMCT,G-975,FREIGHT_CONTAINER,2026-10-06 00:15:00,2026-10-06 01:01:00,30
COA-GQ-05459,Mumbai-Chennai,RMA-BRC,20102,EXPRESS_PASSENGER,2026-10-06 00:30:00,2026-10-06 01:25:00,30
COA-GQ-05460,Howrah-Chennai,HWH-KGP,16506,EXPRESS_PASSENGER,2026-10-06 00:45:00,2026-10-06 01:21:00,90
COA-GQ-05461,Mumbai-Chennai,SUR-PUNE,G-936,FREIGHT_CONTAINER,2026-10-06 01:00:00,2026-10-06 01:37:00,45
COA-GQ-05462,Delhi-Mumbai,KOTA-RMA,17707,PREMIUM_PASSENGER,2026-10-06 01:15:00,2026-10-06 01:48:00,90
COA-GQ-05463,Delhi-Mumbai,SUR-PUNE,16664,EXPRESS_PASSENGER,2026-10-06 01:30:00,2026-10-06 01:57:00,30
COA-GQ-05464,Mumbai-Chennai,HWH-KGP,G-822,FREIGHT_CONTAINER,2026-10-06 01:45:00,2026-10-06 02:41:00,240
COA-GQ-05465,Delhi-Howrah,BZA-MAS,G-985,FREIGHT_CONTAINER,2026-10-06 02:00:00,2026-10-06 02:54:00,240
COA-GQ-05466,Delhi-Howrah,MTJ-KOTA,G-847,FREIGHT_COAL,2026-10-06 02:15:00,2026-10-06 02:54:00,45
COA-GQ-05467,Delhi-Mumbai,BZA-MAS,15257,PREMIUM_PASSENGER,2026-10-06 02:30:00,2026-10-06 03:27:00,45
COA-GQ-05468,Mumbai-Chennai,BZA-MAS,19727,EXPRESS_PASSENGER,2026-10-06 02:45:00,2026-10-06 03:10:00,180
COA-GQ-05469,Mumbai-Chennai,DDU-ASN,G-987,FREIGHT_CONTAINER,2026-10-06 03:00:00,2026-10-06 03:42:00,45
COA-GQ-05470,Howrah-Chennai,DDU-ASN,G-844,FREIGHT_CONTAINER,2026-10-06 03:15:00,2026-10-06 04:04:00,90
COA-GQ-05471,Mumbai-Chennai,RMA-BRC,20503,PREMIUM_PASSENGER,2026-10-06 03:30:00,2026-10-06 04:18:00,45
COA-GQ-05472,Delhi-Howrah,BZA-MAS,G-910,FREIGHT_COAL,2026-10-06 03:45:00,2026-10-06 04:11:00,240
COA-GQ-05473,Howrah-Chennai,SUR-PUNE,19771,EXPRESS_PASSENGER,2026-10-06 04:00:00,2026-10-06 04:44:00,45
COA-GQ-05474,Howrah-Chennai,BRC-MMCT,G-840,FREIGHT_CONTAINER,2026-10-06 04:15:00,2026-10-06 05:02:00,45
COA-GQ-05475,Delhi-Mumbai,CNB-PRYJ,G-873,FREIGHT_CONTAINER,2026-10-06 04:30:00,2026-10-06 05:21:00,90
COA-GQ-05476,Delhi-Howrah,BRC-MMCT,14673,EXPRESS_PASSENGER,2026-10-06 04:45:00,2026-10-06 05:11:00,30
COA-GQ-05477,Howrah-Chennai,DDU-ASN,G-904,FREIGHT_COAL,2026-10-06 05:00:00,2026-10-06 05:39:00,45
COA-GQ-05478,Mumbai-Chennai,BRC-MMCT,15029,EXPRESS_PASSENGER,2026-10-06 05:15:00,2026-10-06 06:13:00,240
COA-GQ-05479,Howrah-Chennai,RMA-BRC,21638,PREMIUM_PASSENGER,2026-10-06 05:30:00,2026-10-06 06:18:00,45
COA-GQ-05480,Howrah-Chennai,DDU-ASN,G-920,FREIGHT_COAL,2026-10-06 05:45:00,2026-10-06 06:44:00,90
COA-GQ-05481,Delhi-Mumbai,CNB-PRYJ,18928,EXPRESS_PASSENGER,2026-10-06 06:00:00,2026-10-06 06:53:00,180
COA-GQ-05482,Mumbai-Chennai,RMA-BRC,G-913,FREIGHT_CONTAINER,2026-10-06 06:15:00,2026-10-06 07:11:00,30
COA-GQ-05483,Delhi-Howrah,BZA-MAS,G-901,FREIGHT_CONTAINER,2026-10-06 06:30:00,2026-10-06 07:13:00,90
COA-GQ-05484,Mumbai-Chennai,CNB-PRYJ,17386,PREMIUM_PASSENGER,2026-10-06 06:45:00,2026-10-06 07:20:00,90
COA-GQ-05485,Mumbai-Chennai,SUR-PUNE,17767,PREMIUM_PASSENGER,2026-10-06 07:00:00,2026-10-06 07:45:00,240
COA-GQ-05486,Mumbai-Chennai,BZA-MAS,20076,PREMIUM_PASSENGER,2026-10-06 07:15:00,2026-10-06 08:13:00,180
COA-GQ-05487,Howrah-Chennai,BZA-MAS,14800,EXPRESS_PASSENGER,2026-10-06 07:30:00,2026-10-06 08:26:00,240
COA-GQ-05488,Delhi-Howrah,SUR-PUNE,G-882,FREIGHT_COAL,2026-10-06 07:45:00,2026-10-06 08:42:00,180
COA-GQ-05489,Delhi-Mumbai,CNB-PRYJ,G-988,FREIGHT_CONTAINER,2026-10-06 08:00:00,2026-10-06 08:32:00,240
COA-GQ-05490,Delhi-Mumbai,HWH-KGP,20746,EXPRESS_PASSENGER,2026-10-06 08:15:00,2026-10-06 09:05:00,90
COA-GQ-05491,Mumbai-Chennai,KOTA-RMA,15075,EXPRESS_PASSENGER,2026-10-06 08:30:00,2026-10-06 09:22:00,180
COA-GQ-05492,Delhi-Mumbai,DDU-ASN,13764,EXPRESS_PASSENGER,2026-10-06 08:45:00,2026-10-06 09:14:00,90
COA-GQ-05493,Mumbai-Chennai,KOTA-RMA,20080,EXPRESS_PASSENGER,2026-10-06 09:00:00,2026-10-06 09:58:00,90
COA-GQ-05494,Delhi-Howrah,CNB-PRYJ,19635,PREMIUM_PASSENGER,2026-10-06 09:15:00,2026-10-06 09:47:00,90
COA-GQ-05495,Delhi-Howrah,BRC-MMCT,G-921,FREIGHT_COAL,2026-10-06 09:30:00,2026-10-06 10:13:00,90
COA-GQ-05496,Delhi-Howrah,DDU-ASN,18786,EXPRESS_PASSENGER,2026-10-06 09:45:00,2026-10-06 10:43:00,45
COA-GQ-05497,Delhi-Howrah,HWH-KGP,G-814,FREIGHT_CONTAINER,2026-10-06 10:00:00,2026-10-06 10:49:00,90
COA-GQ-05498,Delhi-Howrah,NDLS-MTJ,G-817,FREIGHT_CONTAINER,2026-10-06 10:15:00,2026-10-06 10:53:00,30
COA-GQ-05499,Delhi-Howrah,BZA-MAS,19450,EXPRESS_PASSENGER,2026-10-06 10:30:00,2026-10-06 11:26:00,180
COA-GQ-05500,Delhi-Mumbai,NDLS-MTJ,18627,EXPRESS_PASSENGER,2026-10-06 10:45:00,2026-10-06 11:26:00,30
COA-GQ-05501,Mumbai-Chennai,DDU-ASN,G-856,FREIGHT_CONTAINER,2026-10-06 11:00:00,2026-10-06 11:32:00,45
COA-GQ-05502,Mumbai-Chennai,BZA-MAS,12557,EXPRESS_PASSENGER,2026-10-06 11:15:00,2026-10-06 12:02:00,45
COA-GQ-05503,Howrah-Chennai,BZA-MAS,16173,EXPRESS_PASSENGER,2026-10-06 11:30:00,2026-10-06 12:09:00,45
COA-GQ-05504,Delhi-Mumbai,BRC-MMCT,21639,PREMIUM_PASSENGER,2026-10-06 11:45:00,2026-10-06 12:15:00,30
COA-GQ-05505,Delhi-Howrah,HWH-KGP,12362,EXPRESS_PASSENGER,2026-10-06 12:00:00,2026-10-06 12:46:00,30
COA-GQ-05506,Delhi-Mumbai,HWH-KGP,17349,PREMIUM_PASSENGER,2026-10-06 12:15:00,2026-10-06 12:41:00,90
COA-GQ-05507,Mumbai-Chennai,BZA-MAS,G-957,FREIGHT_COAL,2026-10-06 12:30:00,2026-10-06 12:58:00,180
COA-GQ-05508,Delhi-Howrah,DDU-ASN,G-876,FREIGHT_CONTAINER,2026-10-06 12:45:00,2026-10-06 13:33:00,45
COA-GQ-05509,Howrah-Chennai,RMA-BRC,G-877,FREIGHT_COAL,2026-10-06 13:00:00,2026-10-06 13:37:00,180
COA-GQ-05510,Delhi-Howrah,RMA-BRC,G-995,FREIGHT_CONTAINER,2026-10-06 13:15:00,2026-10-06 14:04:00,45
COA-GQ-05511,Howrah-Chennai,HWH-KGP,12027,EXPRESS_PASSENGER,2026-10-06 13:30:00,2026-10-06 14:18:00,45
COA-GQ-05512,Mumbai-Chennai,NDLS-MTJ,15832,EXPRESS_PASSENGER,2026-10-06 13:45:00,2026-10-06 14:44:00,45
COA-GQ-05513,Delhi-Mumbai,KOTA-RMA,G-847,FREIGHT_CONTAINER,2026-10-06 14:00:00,2026-10-06 14:36:00,90
COA-GQ-05514,Mumbai-Chennai,NDLS-MTJ,16929,PREMIUM_PASSENGER,2026-10-06 14:15:00,2026-10-06 14:54:00,45
COA-GQ-05515,Delhi-Howrah,BZA-MAS,13484,EXPRESS_PASSENGER,2026-10-06 14:30:00,2026-10-06 15:03:00,45
COA-GQ-05516,Howrah-Chennai,MTJ-KOTA,G-998,FREIGHT_COAL,2026-10-06 14:45:00,2026-10-06 15:24:00,45
COA-GQ-05517,Mumbai-Chennai,KOTA-RMA,18601,EXPRESS_PASSENGER,2026-10-06 15:00:00,2026-10-06 15:26:00,45
COA-GQ-05518,Howrah-Chennai,KOTA-RMA,G-850,FREIGHT_COAL,2026-10-06 15:15:00,2026-10-06 15:43:00,30
COA-GQ-05519,Mumbai-Chennai,MTJ-KOTA,20559,PREMIUM_PASSENGER,2026-10-06 15:30:00,2026-10-06 16:07:00,90
COA-GQ-05520,Delhi-Howrah,RMA-BRC,G-980,FREIGHT_COAL,2026-10-06 15:45:00,2026-10-06 16:30:00,240
COA-GQ-05521,Howrah-Chennai,HWH-KGP,13395,EXPRESS_PASSENGER,2026-10-06 16:00:00,2026-10-06 16:59:00,180
COA-GQ-05522,Mumbai-Chennai,DDU-ASN,17358,PREMIUM_PASSENGER,2026-10-06 16:15:00,2026-10-06 16:47:00,30
COA-GQ-05523,Delhi-Mumbai,DDU-ASN,G-865,FREIGHT_CONTAINER,2026-10-06 16:30:00,2026-10-06 17:02:00,180
COA-GQ-05524,Delhi-Howrah,NDLS-MTJ,G-828,FREIGHT_CONTAINER,2026-10-06 16:45:00,2026-10-06 17:29:00,30
COA-GQ-05525,Howrah-Chennai,HWH-KGP,15925,EXPRESS_PASSENGER,2026-10-06 17:00:00,2026-10-06 17:53:00,90
COA-GQ-05526,Delhi-Howrah,RMA-BRC,G-979,FREIGHT_CONTAINER,2026-10-06 17:15:00,2026-10-06 17:40:00,45
COA-GQ-05527,Mumbai-Chennai,CNB-PRYJ,G-987,FREIGHT_COAL,2026-10-06 17:30:00,2026-10-06 18:29:00,90
COA-GQ-05528,Howrah-Chennai,BZA-MAS,19962,EXPRESS_PASSENGER,2026-10-06 17:45:00,2026-10-06 18:10:00,45
COA-GQ-05529,Delhi-Howrah,CNB-PRYJ,17278,EXPRESS_PASSENGER,2026-10-06 18:00:00,2026-10-06 18:43:00,30
COA-GQ-05530,Delhi-Howrah,BZA-MAS,G-927,FREIGHT_CONTAINER,2026-10-06 18:15:00,2026-10-06 18:52:00,240
COA-GQ-05531,Delhi-Mumbai,BZA-MAS,14433,EXPRESS_PASSENGER,2026-10-06 18:30:00,2026-10-06 19:28:00,45
COA-GQ-05532,Delhi-Howrah,DDU-ASN,G-880,FREIGHT_CONTAINER,2026-10-06 18:45:00,2026-10-06 19:20:00,90
COA-GQ-05533,Howrah-Chennai,CNB-PRYJ,G-947,FREIGHT_CONTAINER,2026-10-06 19:00:00,2026-10-06 19:25:00,30
COA-GQ-05534,Howrah-Chennai,SUR-PUNE,G-939,FREIGHT_COAL,2026-10-06 19:15:00,2026-10-06 20:05:00,45
COA-GQ-05535,Mumbai-Chennai,BRC-MMCT,G-985,FREIGHT_CONTAINER,2026-10-06 19:30:00,2026-10-06 20:13:00,30
COA-GQ-05536,Howrah-Chennai,RMA-BRC,19472,PREMIUM_PASSENGER,2026-10-06 19:45:00,2026-10-06 20:36:00,180
COA-GQ-05537,Delhi-Mumbai,DDU-ASN,G-880,FREIGHT_COAL,2026-10-06 20:00:00,2026-10-06 20:39:00,90
COA-GQ-05538,Delhi-Mumbai,HWH-KGP,18980,PREMIUM_PASSENGER,2026-10-06 20:15:00,2026-10-06 21:04:00,30
COA-GQ-05539,Mumbai-Chennai,CNB-PRYJ,G-810,FREIGHT_CONTAINER,2026-10-06 20:30:00,2026-10-06 21:17:00,45
COA-GQ-05540,Mumbai-Chennai,DDU-ASN,13059,EXPRESS_PASSENGER,2026-10-06 20:45:00,2026-10-06 21:44:00,90
COA-GQ-05541,Mumbai-Chennai,HWH-KGP,17058,PREMIUM_PASSENGER,2026-10-06 21:00:00,2026-10-06 21:31:00,45
COA-GQ-05542,Delhi-Howrah,BZA-MAS,21522,EXPRESS_PASSENGER,2026-10-06 21:15:00,2026-10-06 21:53:00,45
COA-GQ-05543,Howrah-Chennai,MTJ-KOTA,G-808,FREIGHT_CONTAINER,2026-10-06 21:30:00,2026-10-06 22:06:00,240
COA-GQ-05544,Mumbai-Chennai,MTJ-KOTA,18176,PREMIUM_PASSENGER,2026-10-06 21:45:00,2026-10-06 22:33:00,30
COA-GQ-05545,Delhi-Howrah,NDLS-MTJ,G-901,FREIGHT_COAL,2026-10-06 22:00:00,2026-10-06 22:38:00,30
COA-GQ-05546,Howrah-Chennai,BZA-MAS,15534,PREMIUM_PASSENGER,2026-10-06 22:15:00,2026-10-06 22:40:00,90
COA-GQ-05547,Delhi-Howrah,HWH-KGP,G-829,FREIGHT_CONTAINER,2026-10-06 22:30:00,2026-10-06 23:07:00,90
COA-GQ-05548,Howrah-Chennai,MTJ-KOTA,19181,PREMIUM_PASSENGER,2026-10-06 22:45:00,2026-10-06 23:34:00,45
COA-GQ-05549,Mumbai-Chennai,CNB-PRYJ,18457,EXPRESS_PASSENGER,2026-10-06 23:00:00,2026-10-06 23:54:00,90
COA-GQ-05550,Delhi-Howrah,HWH-KGP,17465,EXPRESS_PASSENGER,2026-10-06 23:15:00,2026-10-07 00:13:00,30
COA-GQ-05551,Howrah-Chennai,NDLS-MTJ,19222,EXPRESS_PASSENGER,2026-10-06 23:30:00,2026-10-06 23:58:00,45
COA-GQ-05552,Delhi-Howrah,KOTA-RMA,G-868,FREIGHT_COAL,2026-10-06 23:45:00,2026-10-07 00:34:00,90
COA-GQ-05553,Delhi-Howrah,DDU-ASN,G-957,FREIGHT_CONTAINER,2026-10-07 00:00:00,2026-10-07 00:28:00,180
COA-GQ-05554,Howrah-Chennai,NDLS-MTJ,G-877,FREIGHT_CONTAINER,2026-10-07 00:15:00,2026-10-07 01:12:00,45
COA-GQ-05555,Delhi-Mumbai,BRC-MMCT,15163,EXPRESS_PASSENGER,2026-10-07 00:30:00,2026-10-07 01:10:00,240
COA-GQ-05556,Delhi-Howrah,KOTA-RMA,G-842,FREIGHT_CONTAINER,2026-10-07 00:45:00,2026-10-07 01:24:00,45
COA-GQ-05557,Delhi-Howrah,SUR-PUNE,21330,PREMIUM_PASSENGER,2026-10-07 01:00:00,2026-10-07 01:28:00,90
COA-GQ-05558,Delhi-Mumbai,CNB-PRYJ,G-970,FREIGHT_COAL,2026-10-07 01:15:00,2026-10-07 01:49:00,180
COA-GQ-05559,Howrah-Chennai,BRC-MMCT,G-987,FREIGHT_COAL,2026-10-07 01:30:00,2026-10-07 02:15:00,90
COA-GQ-05560,Howrah-Chennai,BRC-MMCT,G-945,FREIGHT_COAL,2026-10-07 01:45:00,2026-10-07 02:18:00,45
COA-GQ-05561,Mumbai-Chennai,KOTA-RMA,12791,PREMIUM_PASSENGER,2026-10-07 02:00:00,2026-10-07 02:34:00,45
COA-GQ-05562,Mumbai-Chennai,CNB-PRYJ,14091,EXPRESS_PASSENGER,2026-10-07 02:15:00,2026-10-07 03:12:00,90
COA-GQ-05563,Howrah-Chennai,MTJ-KOTA,13659,PREMIUM_PASSENGER,2026-10-07 02:30:00,2026-10-07 03:28:00,90
COA-GQ-05564,Delhi-Howrah,NDLS-MTJ,14291,PREMIUM_PASSENGER,2026-10-07 02:45:00,2026-10-07 03:29:00,45
COA-GQ-05565,Mumbai-Chennai,SUR-PUNE,G-822,FREIGHT_COAL,2026-10-07 03:00:00,2026-10-07 03:26:00,45
COA-GQ-05566,Howrah-Chennai,RMA-BRC,G-893,FREIGHT_CONTAINER,2026-10-07 03:15:00,2026-10-07 04:14:00,45
COA-GQ-05567,Delhi-Howrah,BRC-MMCT,G-867,FREIGHT_COAL,2026-10-07 03:30:00,2026-10-07 03:58:00,30
COA-GQ-05568,Delhi-Mumbai,MTJ-KOTA,G-941,FREIGHT_COAL,2026-10-07 03:45:00,2026-10-07 04:23:00,90
COA-GQ-05569,Howrah-Chennai,SUR-PUNE,G-858,FREIGHT_CONTAINER,2026-10-07 04:00:00,2026-10-07 04:40:00,180
COA-GQ-05570,Delhi-Howrah,DDU-ASN,19066,PREMIUM_PASSENGER,2026-10-07 04:15:00,2026-10-07 05:09:00,90
COA-GQ-05571,Delhi-Howrah,CNB-PRYJ,17265,EXPRESS_PASSENGER,2026-10-07 04:30:00,2026-10-07 05:19:00,90
COA-GQ-05572,Howrah-Chennai,SUR-PUNE,G-873,FREIGHT_COAL,2026-10-07 04:45:00,2026-10-07 05:34:00,45
COA-GQ-05573,Delhi-Mumbai,BRC-MMCT,16237,PREMIUM_PASSENGER,2026-10-07 05:00:00,2026-10-07 05:33:00,30
COA-GQ-05574,Mumbai-Chennai,DDU-ASN,G-910,FREIGHT_COAL,2026-10-07 05:15:00,2026-10-07 05:42:00,30
COA-GQ-05575,Mumbai-Chennai,MTJ-KOTA,G-974,FREIGHT_CONTAINER,2026-10-07 05:30:00,2026-10-07 06:28:00,180
COA-GQ-05576,Delhi-Mumbai,NDLS-MTJ,15445,PREMIUM_PASSENGER,2026-10-07 05:45:00,2026-10-07 06:35:00,30
COA-GQ-05577,Howrah-Chennai,NDLS-MTJ,G-978,FREIGHT_COAL,2026-10-07 06:00:00,2026-10-07 06:43:00,45
COA-GQ-05578,Howrah-Chennai,NDLS-MTJ,19018,EXPRESS_PASSENGER,2026-10-07 06:15:00,2026-10-07 07:09:00,30
COA-GQ-05579,Mumbai-Chennai,SUR-PUNE,G-817,FREIGHT_COAL,2026-10-07 06:30:00,2026-10-07 07:07:00,45
COA-GQ-05580,Mumbai-Chennai,BRC-MMCT,G-802,FREIGHT_CONTAINER,2026-10-07 06:45:00,2026-10-07 07:25:00,90
COA-GQ-05581,Howrah-Chennai,CNB-PRYJ,G-822,FREIGHT_CONTAINER,2026-10-07 07:00:00,2026-10-07 07:58:00,30
COA-GQ-05582,Delhi-Mumbai,BZA-MAS,14775,EXPRESS_PASSENGER,2026-10-07 07:15:00,2026-10-07 08:02:00,90
COA-GQ-05583,Delhi-Howrah,HWH-KGP,G-854,FREIGHT_CONTAINER,2026-10-07 07:30:00,2026-10-07 08:10:00,180
COA-GQ-05584,Delhi-Mumbai,DDU-ASN,13600,EXPRESS_PASSENGER,2026-10-07 07:45:00,2026-10-07 08:18:00,45
COA-GQ-05585,Delhi-Mumbai,SUR-PUNE,G-827,FREIGHT_CONTAINER,2026-10-07 08:00:00,2026-10-07 08:52:00,90
COA-GQ-05586,Delhi-Howrah,BRC-MMCT,G-863,FREIGHT_COAL,2026-10-07 08:15:00,2026-10-07 08:43:00,180
COA-GQ-05587,Howrah-Chennai,BRC-MMCT,G-829,FREIGHT_CONTAINER,2026-10-07 08:30:00,2026-10-07 09:06:00,30
COA-GQ-05588,Delhi-Mumbai,MTJ-KOTA,G-979,FREIGHT_CONTAINER,2026-10-07 08:45:00,2026-10-07 09:24:00,45
COA-GQ-05589,Delhi-Howrah,BZA-MAS,19666,EXPRESS_PASSENGER,2026-10-07 09:00:00,2026-10-07 09:41:00,240
COA-GQ-05590,Howrah-Chennai,RMA-BRC,18611,EXPRESS_PASSENGER,2026-10-07 09:15:00,2026-10-07 09:51:00,45
COA-GQ-05591,Delhi-Howrah,DDU-ASN,13781,EXPRESS_PASSENGER,2026-10-07 09:30:00,2026-10-07 10:15:00,45
COA-GQ-05592,Howrah-Chennai,DDU-ASN,15290,EXPRESS_PASSENGER,2026-10-07 09:45:00,2026-10-07 10:28:00,90
COA-GQ-05593,Mumbai-Chennai,MTJ-KOTA,G-832,FREIGHT_CONTAINER,2026-10-07 10:00:00,2026-10-07 10:51:00,45
COA-GQ-05594,Mumbai-Chennai,SUR-PUNE,18558,EXPRESS_PASSENGER,2026-10-07 10:15:00,2026-10-07 11:14:00,45
COA-GQ-05595,Delhi-Mumbai,CNB-PRYJ,G-815,FREIGHT_COAL,2026-10-07 10:30:00,2026-10-07 11:03:00,45
COA-GQ-05596,Delhi-Howrah,HWH-KGP,G-820,FREIGHT_COAL,2026-10-07 10:45:00,2026-10-07 11:43:00,45
COA-GQ-05597,Howrah-Chennai,RMA-BRC,G-830,FREIGHT_COAL,2026-10-07 11:00:00,2026-10-07 11:30:00,45
COA-GQ-05598,Howrah-Chennai,NDLS-MTJ,G-851,FREIGHT_COAL,2026-10-07 11:15:00,2026-10-07 11:41:00,90
COA-GQ-05599,Delhi-Howrah,DDU-ASN,15549,PREMIUM_PASSENGER,2026-10-07 11:30:00,2026-10-07 12:29:00,90
COA-GQ-05600,Howrah-Chennai,CNB-PRYJ,G-812,FREIGHT_CONTAINER,2026-10-07 11:45:00,2026-10-07 12:18:00,90
COA-GQ-05601,Mumbai-Chennai,SUR-PUNE,15619,PREMIUM_PASSENGER,2026-10-07 12:00:00,2026-10-07 12:26:00,90
COA-GQ-05602,Delhi-Howrah,MTJ-KOTA,18094,EXPRESS_PASSENGER,2026-10-07 12:15:00,2026-10-07 12:40:00,240
COA-GQ-05603,Howrah-Chennai,CNB-PRYJ,G-846,FREIGHT_CONTAINER,2026-10-07 12:30:00,2026-10-07 13:08:00,45
COA-GQ-05604,Howrah-Chennai,BZA-MAS,G-900,FREIGHT_CONTAINER,2026-10-07 12:45:00,2026-10-07 13:28:00,90
COA-GQ-05605,Mumbai-Chennai,RMA-BRC,G-915,FREIGHT_CONTAINER,2026-10-07 13:00:00,2026-10-07 13:48:00,30
COA-GQ-05606,Delhi-Mumbai,DDU-ASN,20455,EXPRESS_PASSENGER,2026-10-07 13:15:00,2026-10-07 13:53:00,90
COA-GQ-05607,Mumbai-Chennai,CNB-PRYJ,G-917,FREIGHT_COAL,2026-10-07 13:30:00,2026-10-07 14:11:00,45
COA-GQ-05608,Delhi-Howrah,BRC-MMCT,G-815,FREIGHT_CONTAINER,2026-10-07 13:45:00,2026-10-07 14:24:00,45
COA-GQ-05609,Mumbai-Chennai,BZA-MAS,G-963,FREIGHT_COAL,2026-10-07 14:00:00,2026-10-07 14:51:00,45
COA-GQ-05610,Delhi-Mumbai,HWH-KGP,21081,EXPRESS_PASSENGER,2026-10-07 14:15:00,2026-10-07 14:40:00,45
COA-GQ-05611,Delhi-Howrah,KOTA-RMA,G-888,FREIGHT_CONTAINER,2026-10-07 14:30:00,2026-10-07 15:06:00,240
COA-GQ-05612,Delhi-Mumbai,BZA-MAS,12774,EXPRESS_PASSENGER,2026-10-07 14:45:00,2026-10-07 15:19:00,45
COA-GQ-05613,Howrah-Chennai,SUR-PUNE,G-823,FREIGHT_COAL,2026-10-07 15:00:00,2026-10-07 15:39:00,45
COA-GQ-05614,Delhi-Howrah,NDLS-MTJ,G-801,FREIGHT_COAL,2026-10-07 15:15:00,2026-10-07 15:49:00,90
COA-GQ-05615,Howrah-Chennai,HWH-KGP,18261,PREMIUM_PASSENGER,2026-10-07 15:30:00,2026-10-07 16:04:00,90
COA-GQ-05616,Howrah-Chennai,HWH-KGP,15667,EXPRESS_PASSENGER,2026-10-07 15:45:00,2026-10-07 16:18:00,45
COA-GQ-05617,Mumbai-Chennai,RMA-BRC,G-843,FREIGHT_CONTAINER,2026-10-07 16:00:00,2026-10-07 16:43:00,30
COA-GQ-05618,Howrah-Chennai,DDU-ASN,G-885,FREIGHT_CONTAINER,2026-10-07 16:15:00,2026-10-07 16:52:00,240
COA-GQ-05619,Mumbai-Chennai,NDLS-MTJ,13452,EXPRESS_PASSENGER,2026-10-07 16:30:00,2026-10-07 17:02:00,90
COA-GQ-05620,Mumbai-Chennai,MTJ-KOTA,G-890,FREIGHT_COAL,2026-10-07 16:45:00,2026-10-07 17:11:00,30
COA-GQ-05621,Howrah-Chennai,DDU-ASN,G-955,FREIGHT_COAL,2026-10-07 17:00:00,2026-10-07 17:36:00,30
COA-GQ-05622,Mumbai-Chennai,NDLS-MTJ,13734,PREMIUM_PASSENGER,2026-10-07 17:15:00,2026-10-07 17:42:00,30
COA-GQ-05623,Delhi-Howrah,KOTA-RMA,G-976,FREIGHT_CONTAINER,2026-10-07 17:30:00,2026-10-07 18:28:00,30
COA-GQ-05624,Delhi-Howrah,BZA-MAS,G-913,FREIGHT_CONTAINER,2026-10-07 17:45:00,2026-10-07 18:36:00,90
COA-GQ-05625,Delhi-Howrah,BZA-MAS,13774,EXPRESS_PASSENGER,2026-10-07 18:00:00,2026-10-07 18:38:00,45
COA-GQ-05626,Delhi-Howrah,SUR-PUNE,G-988,FREIGHT_CONTAINER,2026-10-07 18:15:00,2026-10-07 18:40:00,240
COA-GQ-05627,Delhi-Howrah,HWH-KGP,G-992,FREIGHT_CONTAINER,2026-10-07 18:30:00,2026-10-07 19:28:00,30
COA-GQ-05628,Mumbai-Chennai,BRC-MMCT,G-897,FREIGHT_CONTAINER,2026-10-07 18:45:00,2026-10-07 19:25:00,90
COA-GQ-05629,Howrah-Chennai,HWH-KGP,G-938,FREIGHT_CONTAINER,2026-10-07 19:00:00,2026-10-07 19:37:00,30
COA-GQ-05630,Delhi-Mumbai,RMA-BRC,19008,PREMIUM_PASSENGER,2026-10-07 19:15:00,2026-10-07 20:06:00,45
COA-GQ-05631,Mumbai-Chennai,CNB-PRYJ,19611,PREMIUM_PASSENGER,2026-10-07 19:30:00,2026-10-07 20:13:00,180
COA-GQ-05632,Delhi-Mumbai,SUR-PUNE,G-956,FREIGHT_CONTAINER,2026-10-07 19:45:00,2026-10-07 20:31:00,45
COA-GQ-05633,Delhi-Mumbai,BRC-MMCT,G-884,FREIGHT_CONTAINER,2026-10-07 20:00:00,2026-10-07 20:43:00,90
COA-GQ-05634,Mumbai-Chennai,DDU-ASN,G-880,FREIGHT_COAL,2026-10-07 20:15:00,2026-10-07 20:58:00,90
COA-GQ-05635,Delhi-Mumbai,BZA-MAS,G-917,FREIGHT_COAL,2026-10-07 20:30:00,2026-10-07 20:56:00,90
COA-GQ-05636,Howrah-Chennai,CNB-PRYJ,21998,EXPRESS_PASSENGER,2026-10-07 20:45:00,2026-10-07 21:39:00,45
COA-GQ-05637,Mumbai-Chennai,MTJ-KOTA,18556,PREMIUM_PASSENGER,2026-10-07 21:00:00,2026-10-07 21:55:00,240
COA-GQ-05638,Howrah-Chennai,SUR-PUNE,20697,EXPRESS_PASSENGER,2026-10-07 21:15:00,2026-10-07 22:01:00,45
COA-GQ-05639,Mumbai-Chennai,CNB-PRYJ,G-956,FREIGHT_COAL,2026-10-07 21:30:00,2026-10-07 22:04:00,90
COA-GQ-05640,Delhi-Mumbai,NDLS-MTJ,21321,EXPRESS_PASSENGER,2026-10-07 21:45:00,2026-10-07 22:20:00,45
COA-GQ-05641,Delhi-Howrah,NDLS-MTJ,19129,EXPRESS_PASSENGER,2026-10-07 22:00:00,2026-10-07 22:29:00,45
COA-GQ-05642,Mumbai-Chennai,DDU-ASN,17366,PREMIUM_PASSENGER,2026-10-07 22:15:00,2026-10-07 22:49:00,30
COA-GQ-05643,Mumbai-Chennai,CNB-PRYJ,12834,PREMIUM_PASSENGER,2026-10-07 22:30:00,2026-10-07 23:10:00,90
COA-GQ-05644,Delhi-Mumbai,KOTA-RMA,18818,EXPRESS_PASSENGER,2026-10-07 22:45:00,2026-10-07 23:34:00,180
COA-GQ-05645,Delhi-Howrah,KOTA-RMA,G-916,FREIGHT_COAL,2026-10-07 23:00:00,2026-10-07 23:56:00,45
COA-GQ-05646,Mumbai-Chennai,MTJ-KOTA,G-850,FREIGHT_CONTAINER,2026-10-07 23:15:00,2026-10-07 23:43:00,240
COA-GQ-05647,Delhi-Howrah,CNB-PRYJ,G-824,FREIGHT_COAL,2026-10-07 23:30:00,2026-10-08 00:20:00,30
COA-GQ-05648,Howrah-Chennai,BRC-MMCT,14562,PREMIUM_PASSENGER,2026-10-07 23:45:00,2026-10-08 00:28:00,240
COA-GQ-05649,Delhi-Howrah,BZA-MAS,G-806,FREIGHT_CONTAINER,2026-10-08 00:00:00,2026-10-08 00:38:00,180
COA-GQ-05650,Delhi-Mumbai,MTJ-KOTA,G-903,FREIGHT_CONTAINER,2026-10-08 00:15:00,2026-10-08 00:47:00,45
COA-GQ-05651,Delhi-Howrah,CNB-PRYJ,G-947,FREIGHT_CONTAINER,2026-10-08 00:30:00,2026-10-08 00:59:00,30
COA-GQ-05652,Howrah-Chennai,MTJ-KOTA,G-988,FREIGHT_COAL,2026-10-08 00:45:00,2026-10-08 01:11:00,45
COA-GQ-05653,Delhi-Mumbai,BRC-MMCT,20053,PREMIUM_PASSENGER,2026-10-08 01:00:00,2026-10-08 01:29:00,30
COA-GQ-05654,Howrah-Chennai,MTJ-KOTA,G-855,FREIGHT_CONTAINER,2026-10-08 01:15:00,2026-10-08 02:01:00,45
COA-GQ-05655,Delhi-Mumbai,BZA-MAS,G-945,FREIGHT_CONTAINER,2026-10-08 01:30:00,2026-10-08 02:04:00,90
COA-GQ-05656,Delhi-Howrah,NDLS-MTJ,G-934,FREIGHT_COAL,2026-10-08 01:45:00,2026-10-08 02:27:00,45
COA-GQ-05657,Delhi-Howrah,KOTA-RMA,G-908,FREIGHT_CONTAINER,2026-10-08 02:00:00,2026-10-08 02:27:00,90
COA-GQ-05658,Delhi-Howrah,KOTA-RMA,G-979,FREIGHT_COAL,2026-10-08 02:15:00,2026-10-08 02:57:00,45
COA-GQ-05659,Mumbai-Chennai,HWH-KGP,G-867,FREIGHT_CONTAINER,2026-10-08 02:30:00,2026-10-08 03:13:00,45
COA-GQ-05660,Delhi-Mumbai,MTJ-KOTA,14717,PREMIUM_PASSENGER,2026-10-08 02:45:00,2026-10-08 03:39:00,180
COA-GQ-05661,Mumbai-Chennai,BZA-MAS,G-873,FREIGHT_CONTAINER,2026-10-08 03:00:00,2026-10-08 03:57:00,45
COA-GQ-05662,Howrah-Chennai,HWH-KGP,G-878,FREIGHT_COAL,2026-10-08 03:15:00,2026-10-08 03:58:00,90
COA-GQ-05663,Howrah-Chennai,CNB-PRYJ,G-803,FREIGHT_CONTAINER,2026-10-08 03:30:00,2026-10-08 03:58:00,45
COA-GQ-05664,Mumbai-Chennai,DDU-ASN,G-874,FREIGHT_CONTAINER,2026-10-08 03:45:00,2026-10-08 04:20:00,45
COA-GQ-05665,Mumbai-Chennai,KOTA-RMA,15307,EXPRESS_PASSENGER,2026-10-08 04:00:00,2026-10-08 04:42:00,30
COA-GQ-05666,Howrah-Chennai,MTJ-KOTA,15055,PREMIUM_PASSENGER,2026-10-08 04:15:00,2026-10-08 04:53:00,90
COA-GQ-05667,Delhi-Mumbai,SUR-PUNE,18373,PREMIUM_PASSENGER,2026-10-08 04:30:00,2026-10-08 05:17:00,45
COA-GQ-05668,Mumbai-Chennai,HWH-KGP,G-967,FREIGHT_COAL,2026-10-08 04:45:00,2026-10-08 05:12:00,90
COA-GQ-05669,Mumbai-Chennai,BRC-MMCT,G-933,FREIGHT_COAL,2026-10-08 05:00:00,2026-10-08 05:26:00,30
COA-GQ-05670,Delhi-Howrah,DDU-ASN,16784,EXPRESS_PASSENGER,2026-10-08 05:15:00,2026-10-08 05:48:00,240
COA-GQ-05671,Howrah-Chennai,SUR-PUNE,21102,PREMIUM_PASSENGER,2026-10-08 05:30:00,2026-10-08 06:29:00,240
COA-GQ-05672,Howrah-Chennai,BZA-MAS,20283,PREMIUM_PASSENGER,2026-10-08 05:45:00,2026-10-08 06:37:00,30
COA-GQ-05673,Howrah-Chennai,SUR-PUNE,G-841,FREIGHT_COAL,2026-10-08 06:00:00,2026-10-08 06:29:00,90
COA-GQ-05674,Mumbai-Chennai,KOTA-RMA,G-932,FREIGHT_CONTAINER,2026-10-08 06:15:00,2026-10-08 06:52:00,45
COA-GQ-05675,Howrah-Chennai,SUR-PUNE,G-977,FREIGHT_COAL,2026-10-08 06:30:00,2026-10-08 07:24:00,90
COA-GQ-05676,Howrah-Chennai,DDU-ASN,G-880,FREIGHT_CONTAINER,2026-10-08 06:45:00,2026-10-08 07:31:00,240
COA-GQ-05677,Howrah-Chennai,SUR-PUNE,16087,PREMIUM_PASSENGER,2026-10-08 07:00:00,2026-10-08 07:56:00,180
COA-GQ-05678,Howrah-Chennai,SUR-PUNE,G-963,FREIGHT_CONTAINER,2026-10-08 07:15:00,2026-10-08 08:07:00,90
COA-GQ-05679,Delhi-Mumbai,SUR-PUNE,G-894,FREIGHT_CONTAINER,2026-10-08 07:30:00,2026-10-08 08:06:00,45
COA-GQ-05680,Mumbai-Chennai,BRC-MMCT,21988,PREMIUM_PASSENGER,2026-10-08 07:45:00,2026-10-08 08:34:00,30
COA-GQ-05681,Mumbai-Chennai,HWH-KGP,G-914,FREIGHT_COAL,2026-10-08 08:00:00,2026-10-08 08:31:00,90
COA-GQ-05682,Howrah-Chennai,BZA-MAS,G-891,FREIGHT_COAL,2026-10-08 08:15:00,2026-10-08 08:58:00,90
COA-GQ-05683,Howrah-Chennai,SUR-PUNE,13110,EXPRESS_PASSENGER,2026-10-08 08:30:00,2026-10-08 09:25:00,180
COA-GQ-05684,Howrah-Chennai,SUR-PUNE,G-892,FREIGHT_COAL,2026-10-08 08:45:00,2026-10-08 09:29:00,180
COA-GQ-05685,Delhi-Mumbai,BRC-MMCT,19414,EXPRESS_PASSENGER,2026-10-08 09:00:00,2026-10-08 09:34:00,90
COA-GQ-05686,Delhi-Mumbai,DDU-ASN,G-849,FREIGHT_COAL,2026-10-08 09:15:00,2026-10-08 09:49:00,30
COA-GQ-05687,Mumbai-Chennai,BRC-MMCT,G-852,FREIGHT_COAL,2026-10-08 09:30:00,2026-10-08 09:57:00,90
COA-GQ-05688,Delhi-Mumbai,CNB-PRYJ,19814,EXPRESS_PASSENGER,2026-10-08 09:45:00,2026-10-08 10:42:00,30
COA-GQ-05689,Howrah-Chennai,SUR-PUNE,20875,PREMIUM_PASSENGER,2026-10-08 10:00:00,2026-10-08 10:43:00,30
COA-GQ-05690,Delhi-Mumbai,RMA-BRC,G-965,FREIGHT_COAL,2026-10-08 10:15:00,2026-10-08 11:01:00,90
COA-GQ-05691,Mumbai-Chennai,DDU-ASN,13064,EXPRESS_PASSENGER,2026-10-08 10:30:00,2026-10-08 11:28:00,45
COA-GQ-05692,Delhi-Mumbai,HWH-KGP,19008,EXPRESS_PASSENGER,2026-10-08 10:45:00,2026-10-08 11:24:00,30
COA-GQ-05693,Delhi-Mumbai,MTJ-KOTA,G-926,FREIGHT_CONTAINER,2026-10-08 11:00:00,2026-10-08 11:29:00,90
COA-GQ-05694,Delhi-Howrah,HWH-KGP,G-804,FREIGHT_CONTAINER,2026-10-08 11:15:00,2026-10-08 12:02:00,45
COA-GQ-05695,Delhi-Mumbai,CNB-PRYJ,G-924,FREIGHT_CONTAINER,2026-10-08 11:30:00,2026-10-08 12:11:00,180
COA-GQ-05696,Delhi-Mumbai,BRC-MMCT,G-948,FREIGHT_CONTAINER,2026-10-08 11:45:00,2026-10-08 12:34:00,45
COA-GQ-05697,Delhi-Howrah,BRC-MMCT,G-995,FREIGHT_CONTAINER,2026-10-08 12:00:00,2026-10-08 12:56:00,240
COA-GQ-05698,Delhi-Howrah,RMA-BRC,16385,PREMIUM_PASSENGER,2026-10-08 12:15:00,2026-10-08 12:53:00,45
COA-GQ-05699,Delhi-Mumbai,KOTA-RMA,G-940,FREIGHT_CONTAINER,2026-10-08 12:30:00,2026-10-08 13:07:00,45
COA-GQ-05700,Mumbai-Chennai,CNB-PRYJ,G-835,FREIGHT_CONTAINER,2026-10-08 12:45:00,2026-10-08 13:32:00,45
COA-GQ-05701,Howrah-Chennai,DDU-ASN,G-903,FREIGHT_CONTAINER,2026-10-08 13:00:00,2026-10-08 13:52:00,90
COA-GQ-05702,Howrah-Chennai,KOTA-RMA,G-814,FREIGHT_CONTAINER,2026-10-08 13:15:00,2026-10-08 13:53:00,45
COA-GQ-05703,Mumbai-Chennai,KOTA-RMA,G-862,FREIGHT_CONTAINER,2026-10-08 13:30:00,2026-10-08 13:59:00,240
COA-GQ-05704,Mumbai-Chennai,DDU-ASN,G-856,FREIGHT_COAL,2026-10-08 13:45:00,2026-10-08 14:15:00,240
COA-GQ-05705,Howrah-Chennai,KOTA-RMA,13865,PREMIUM_PASSENGER,2026-10-08 14:00:00,2026-10-08 14:27:00,180
COA-GQ-05706,Mumbai-Chennai,NDLS-MTJ,G-994,FREIGHT_CONTAINER,2026-10-08 14:15:00,2026-10-08 14:49:00,45
COA-GQ-05707,Delhi-Mumbai,BZA-MAS,13887,PREMIUM_PASSENGER,2026-10-08 14:30:00,2026-10-08 15:18:00,240
COA-GQ-05708,Delhi-Mumbai,KOTA-RMA,15604,EXPRESS_PASSENGER,2026-10-08 14:45:00,2026-10-08 15:30:00,90
COA-GQ-05709,Delhi-Mumbai,BZA-MAS,G-992,FREIGHT_COAL,2026-10-08 15:00:00,2026-10-08 15:30:00,240
COA-GQ-05710,Delhi-Howrah,MTJ-KOTA,G-855,FREIGHT_COAL,2026-10-08 15:15:00,2026-10-08 16:01:00,90
COA-GQ-05711,Delhi-Howrah,RMA-BRC,G-948,FREIGHT_CONTAINER,2026-10-08 15:30:00,2026-10-08 16:00:00,45
COA-GQ-05712,Howrah-Chennai,SUR-PUNE,G-886,FREIGHT_CONTAINER,2026-10-08 15:45:00,2026-10-08 16:41:00,90
COA-GQ-05713,Howrah-Chennai,BRC-MMCT,21270,PREMIUM_PASSENGER,2026-10-08 16:00:00,2026-10-08 16:54:00,90
COA-GQ-05714,Delhi-Howrah,DDU-ASN,20808,PREMIUM_PASSENGER,2026-10-08 16:15:00,2026-10-08 17:01:00,30
COA-GQ-05715,Mumbai-Chennai,BRC-MMCT,G-938,FREIGHT_CONTAINER,2026-10-08 16:30:00,2026-10-08 17:13:00,90
COA-GQ-05716,Delhi-Howrah,KOTA-RMA,G-895,FREIGHT_CONTAINER,2026-10-08 16:45:00,2026-10-08 17:32:00,45
COA-GQ-05717,Delhi-Howrah,BRC-MMCT,G-850,FREIGHT_CONTAINER,2026-10-08 17:00:00,2026-10-08 17:41:00,45
COA-GQ-05718,Mumbai-Chennai,HWH-KGP,21398,EXPRESS_PASSENGER,2026-10-08 17:15:00,2026-10-08 17:40:00,240
COA-GQ-05719,Delhi-Howrah,CNB-PRYJ,G-943,FREIGHT_CONTAINER,2026-10-08 17:30:00,2026-10-08 18:25:00,90
COA-GQ-05720,Howrah-Chennai,BZA-MAS,21652,EXPRESS_PASSENGER,2026-10-08 17:45:00,2026-10-08 18:40:00,90
COA-GQ-05721,Delhi-Howrah,KOTA-RMA,G-910,FREIGHT_CONTAINER,2026-10-08 18:00:00,2026-10-08 18:32:00,90
COA-GQ-05722,Delhi-Howrah,SUR-PUNE,14493,EXPRESS_PASSENGER,2026-10-08 18:15:00,2026-10-08 18:48:00,30
COA-GQ-05723,Mumbai-Chennai,NDLS-MTJ,17083,PREMIUM_PASSENGER,2026-10-08 18:30:00,2026-10-08 19:02:00,45
COA-GQ-05724,Mumbai-Chennai,MTJ-KOTA,G-823,FREIGHT_CONTAINER,2026-10-08 18:45:00,2026-10-08 19:14:00,240
COA-GQ-05725,Mumbai-Chennai,NDLS-MTJ,G-885,FREIGHT_CONTAINER,2026-10-08 19:00:00,2026-10-08 19:29:00,240
COA-GQ-05726,Delhi-Mumbai,HWH-KGP,G-892,FREIGHT_COAL,2026-10-08 19:15:00,2026-10-08 20:06:00,30
COA-GQ-05727,Mumbai-Chennai,RMA-BRC,G-881,FREIGHT_COAL,2026-10-08 19:30:00,2026-10-08 20:06:00,90
COA-GQ-05728,Delhi-Mumbai,NDLS-MTJ,G-816,FREIGHT_COAL,2026-10-08 19:45:00,2026-10-08 20:36:00,30
COA-GQ-05729,Delhi-Howrah,KOTA-RMA,12305,EXPRESS_PASSENGER,2026-10-08 20:00:00,2026-10-08 20:55:00,30
COA-GQ-05730,Howrah-Chennai,DDU-ASN,G-985,FREIGHT_COAL,2026-10-08 20:15:00,2026-10-08 20:47:00,90
COA-GQ-05731,Howrah-Chennai,SUR-PUNE,20368,PREMIUM_PASSENGER,2026-10-08 20:30:00,2026-10-08 21:17:00,90
COA-GQ-05732,Delhi-Mumbai,KOTA-RMA,G-900,FREIGHT_CONTAINER,2026-10-08 20:45:00,2026-10-08 21:12:00,90
COA-GQ-05733,Howrah-Chennai,CNB-PRYJ,G-866,FREIGHT_CONTAINER,2026-10-08 21:00:00,2026-10-08 21:59:00,90
COA-GQ-05734,Delhi-Mumbai,CNB-PRYJ,20820,PREMIUM_PASSENGER,2026-10-08 21:15:00,2026-10-08 21:58:00,45
COA-GQ-05735,Delhi-Howrah,BZA-MAS,16340,EXPRESS_PASSENGER,2026-10-08 21:30:00,2026-10-08 22:05:00,90
COA-GQ-05736,Howrah-Chennai,BRC-MMCT,13024,EXPRESS_PASSENGER,2026-10-08 21:45:00,2026-10-08 22:39:00,45
COA-GQ-05737,Howrah-Chennai,KOTA-RMA,G-807,FREIGHT_COAL,2026-10-08 22:00:00,2026-10-08 22:29:00,45
COA-GQ-05738,Mumbai-Chennai,RMA-BRC,19478,EXPRESS_PASSENGER,2026-10-08 22:15:00,2026-10-08 23:09:00,45
COA-GQ-05739,Delhi-Mumbai,DDU-ASN,15084,EXPRESS_PASSENGER,2026-10-08 22:30:00,2026-10-08 23:24:00,30
COA-GQ-05740,Mumbai-Chennai,DDU-ASN,G-834,FREIGHT_CONTAINER,2026-10-08 22:45:00,2026-10-08 23:36:00,90
COA-GQ-05741,Howrah-Chennai,CNB-PRYJ,G-988,FREIGHT_CONTAINER,2026-10-08 23:00:00,2026-10-08 23:44:00,180
COA-GQ-05742,Delhi-Howrah,MTJ-KOTA,16145,PREMIUM_PASSENGER,2026-10-08 23:15:00,2026-10-08 23:59:00,45
COA-GQ-05743,Delhi-Howrah,MTJ-KOTA,19399,EXPRESS_PASSENGER,2026-10-08 23:30:00,2026-10-09 00:15:00,45
COA-GQ-05744,Delhi-Howrah,NDLS-MTJ,21280,PREMIUM_PASSENGER,2026-10-08 23:45:00,2026-10-09 00:18:00,45
COA-GQ-05745,Delhi-Howrah,HWH-KGP,17311,PREMIUM_PASSENGER,2026-10-09 00:00:00,2026-10-09 00:26:00,45
COA-GQ-05746,Delhi-Mumbai,BRC-MMCT,G-886,FREIGHT_COAL,2026-10-09 00:15:00,2026-10-09 00:47:00,30
COA-GQ-05747,Howrah-Chennai,HWH-KGP,17154,EXPRESS_PASSENGER,2026-10-09 00:30:00,2026-10-09 01:21:00,90
COA-GQ-05748,Howrah-Chennai,NDLS-MTJ,13639,PREMIUM_PASSENGER,2026-10-09 00:45:00,2026-10-09 01:36:00,90
COA-GQ-05749,Delhi-Howrah,MTJ-KOTA,17362,PREMIUM_PASSENGER,2026-10-09 01:00:00,2026-10-09 01:58:00,45
COA-GQ-05750,Howrah-Chennai,CNB-PRYJ,G-834,FREIGHT_CONTAINER,2026-10-09 01:15:00,2026-10-09 01:53:00,45
COA-GQ-05751,Mumbai-Chennai,NDLS-MTJ,G-955,FREIGHT_COAL,2026-10-09 01:30:00,2026-10-09 02:27:00,90
COA-GQ-05752,Mumbai-Chennai,SUR-PUNE,20523,PREMIUM_PASSENGER,2026-10-09 01:45:00,2026-10-09 02:27:00,45
COA-GQ-05753,Mumbai-Chennai,KOTA-RMA,G-811,FREIGHT_COAL,2026-10-09 02:00:00,2026-10-09 02:25:00,30
COA-GQ-05754,Delhi-Mumbai,SUR-PUNE,G-848,FREIGHT_CONTAINER,2026-10-09 02:15:00,2026-10-09 02:40:00,240
COA-GQ-05755,Howrah-Chennai,DDU-ASN,G-878,FREIGHT_CONTAINER,2026-10-09 02:30:00,2026-10-09 03:02:00,90
COA-GQ-05756,Howrah-Chennai,SUR-PUNE,G-881,FREIGHT_CONTAINER,2026-10-09 02:45:00,2026-10-09 03:39:00,30
COA-GQ-05757,Howrah-Chennai,KOTA-RMA,20110,EXPRESS_PASSENGER,2026-10-09 03:00:00,2026-10-09 03:39:00,30
COA-GQ-05758,Delhi-Howrah,HWH-KGP,G-849,FREIGHT_COAL,2026-10-09 03:15:00,2026-10-09 04:05:00,90
COA-GQ-05759,Delhi-Howrah,RMA-BRC,G-848,FREIGHT_CONTAINER,2026-10-09 03:30:00,2026-10-09 04:20:00,30
COA-GQ-05760,Howrah-Chennai,MTJ-KOTA,15841,EXPRESS_PASSENGER,2026-10-09 03:45:00,2026-10-09 04:27:00,45
COA-GQ-05761,Delhi-Howrah,SUR-PUNE,G-852,FREIGHT_CONTAINER,2026-10-09 04:00:00,2026-10-09 04:43:00,45
COA-GQ-05762,Delhi-Mumbai,MTJ-KOTA,12914,PREMIUM_PASSENGER,2026-10-09 04:15:00,2026-10-09 05:10:00,90
COA-GQ-05763,Delhi-Howrah,DDU-ASN,G-942,FREIGHT_CONTAINER,2026-10-09 04:30:00,2026-10-09 05:16:00,90
COA-GQ-05764,Howrah-Chennai,MTJ-KOTA,20360,EXPRESS_PASSENGER,2026-10-09 04:45:00,2026-10-09 05:17:00,45
COA-GQ-05765,Mumbai-Chennai,DDU-ASN,G-872,FREIGHT_COAL,2026-10-09 05:00:00,2026-10-09 05:29:00,90
COA-GQ-05766,Mumbai-Chennai,RMA-BRC,15607,EXPRESS_PASSENGER,2026-10-09 05:15:00,2026-10-09 06:05:00,180
COA-GQ-05767,Delhi-Mumbai,DDU-ASN,12362,EXPRESS_PASSENGER,2026-10-09 05:30:00,2026-10-09 06:18:00,90
COA-GQ-05768,Mumbai-Chennai,BRC-MMCT,G-809,FREIGHT_CONTAINER,2026-10-09 05:45:00,2026-10-09 06:24:00,45
COA-GQ-05769,Howrah-Chennai,DDU-ASN,G-967,FREIGHT_CONTAINER,2026-10-09 06:00:00,2026-10-09 06:26:00,30
COA-GQ-05770,Mumbai-Chennai,BRC-MMCT,G-989,FREIGHT_CONTAINER,2026-10-09 06:15:00,2026-10-09 07:08:00,30
COA-GQ-05771,Mumbai-Chennai,NDLS-MTJ,G-864,FREIGHT_COAL,2026-10-09 06:30:00,2026-10-09 07:12:00,90
COA-GQ-05772,Howrah-Chennai,CNB-PRYJ,17153,EXPRESS_PASSENGER,2026-10-09 06:45:00,2026-10-09 07:29:00,240
COA-GQ-05773,Delhi-Mumbai,KOTA-RMA,19532,EXPRESS_PASSENGER,2026-10-09 07:00:00,2026-10-09 07:48:00,45
COA-GQ-05774,Mumbai-Chennai,MTJ-KOTA,13820,PREMIUM_PASSENGER,2026-10-09 07:15:00,2026-10-09 08:08:00,45
COA-GQ-05775,Howrah-Chennai,RMA-BRC,19707,PREMIUM_PASSENGER,2026-10-09 07:30:00,2026-10-09 08:08:00,45
COA-GQ-05776,Delhi-Howrah,RMA-BRC,G-966,FREIGHT_CONTAINER,2026-10-09 07:45:00,2026-10-09 08:42:00,30
COA-GQ-05777,Delhi-Mumbai,SUR-PUNE,12016,EXPRESS_PASSENGER,2026-10-09 08:00:00,2026-10-09 08:52:00,90
COA-GQ-05778,Delhi-Mumbai,CNB-PRYJ,G-975,FREIGHT_CONTAINER,2026-10-09 08:15:00,2026-10-09 08:55:00,45
COA-GQ-05779,Mumbai-Chennai,SUR-PUNE,12371,EXPRESS_PASSENGER,2026-10-09 08:30:00,2026-10-09 09:09:00,45
COA-GQ-05780,Delhi-Mumbai,NDLS-MTJ,G-814,FREIGHT_CONTAINER,2026-10-09 08:45:00,2026-10-09 09:22:00,45
COA-GQ-05781,Howrah-Chennai,HWH-KGP,G-894,FREIGHT_CONTAINER,2026-10-09 09:00:00,2026-10-09 09:35:00,180
COA-GQ-05782,Delhi-Howrah,RMA-BRC,20988,EXPRESS_PASSENGER,2026-10-09 09:15:00,2026-10-09 09:49:00,90
COA-GQ-05783,Delhi-Mumbai,SUR-PUNE,19400,EXPRESS_PASSENGER,2026-10-09 09:30:00,2026-10-09 10:15:00,90
COA-GQ-05784,Delhi-Mumbai,CNB-PRYJ,21748,EXPRESS_PASSENGER,2026-10-09 09:45:00,2026-10-09 10:27:00,45
COA-GQ-05785,Howrah-Chennai,RMA-BRC,12302,EXPRESS_PASSENGER,2026-10-09 10:00:00,2026-10-09 10:39:00,90
COA-GQ-05786,Mumbai-Chennai,SUR-PUNE,13000,PREMIUM_PASSENGER,2026-10-09 10:15:00,2026-10-09 11:12:00,90
COA-GQ-05787,Howrah-Chennai,MTJ-KOTA,15830,PREMIUM_PASSENGER,2026-10-09 10:30:00,2026-10-09 10:56:00,45
COA-GQ-05788,Mumbai-Chennai,DDU-ASN,12284,PREMIUM_PASSENGER,2026-10-09 10:45:00,2026-10-09 11:12:00,90
COA-GQ-05789,Delhi-Mumbai,MTJ-KOTA,16800,EXPRESS_PASSENGER,2026-10-09 11:00:00,2026-10-09 11:47:00,45
COA-GQ-05790,Delhi-Howrah,NDLS-MTJ,16816,PREMIUM_PASSENGER,2026-10-09 11:15:00,2026-10-09 11:54:00,240
COA-GQ-05791,Mumbai-Chennai,KOTA-RMA,20949,PREMIUM_PASSENGER,2026-10-09 11:30:00,2026-10-09 12:28:00,45
COA-GQ-05792,Mumbai-Chennai,HWH-KGP,G-854,FREIGHT_CONTAINER,2026-10-09 11:45:00,2026-10-09 12:29:00,180
COA-GQ-05793,Mumbai-Chennai,NDLS-MTJ,17458,PREMIUM_PASSENGER,2026-10-09 12:00:00,2026-10-09 12:36:00,30
COA-GQ-05794,Delhi-Howrah,RMA-BRC,G-813,FREIGHT_COAL,2026-10-09 12:15:00,2026-10-09 12:48:00,90
COA-GQ-05795,Delhi-Mumbai,HWH-KGP,G-895,FREIGHT_CONTAINER,2026-10-09 12:30:00,2026-10-09 13:14:00,180
COA-GQ-05796,Delhi-Mumbai,SUR-PUNE,21054,EXPRESS_PASSENGER,2026-10-09 12:45:00,2026-10-09 13:38:00,45
COA-GQ-05797,Mumbai-Chennai,NDLS-MTJ,21654,PREMIUM_PASSENGER,2026-10-09 13:00:00,2026-10-09 13:27:00,30
COA-GQ-05798,Delhi-Mumbai,DDU-ASN,G-838,FREIGHT_COAL,2026-10-09 13:15:00,2026-10-09 14:10:00,30
COA-GQ-05799,Delhi-Howrah,MTJ-KOTA,21661,PREMIUM_PASSENGER,2026-10-09 13:30:00,2026-10-09 14:23:00,90
COA-GQ-05800,Delhi-Howrah,SUR-PUNE,18212,EXPRESS_PASSENGER,2026-10-09 13:45:00,2026-10-09 14:39:00,90
COA-GQ-05801,Howrah-Chennai,RMA-BRC,21879,EXPRESS_PASSENGER,2026-10-09 14:00:00,2026-10-09 14:38:00,90
COA-GQ-05802,Delhi-Mumbai,NDLS-MTJ,G-868,FREIGHT_COAL,2026-10-09 14:15:00,2026-10-09 14:47:00,180
COA-GQ-05803,Mumbai-Chennai,CNB-PRYJ,15766,EXPRESS_PASSENGER,2026-10-09 14:30:00,2026-10-09 15:24:00,240
COA-GQ-05804,Howrah-Chennai,RMA-BRC,G-954,FREIGHT_COAL,2026-10-09 14:45:00,2026-10-09 15:43:00,90
COA-GQ-05805,Howrah-Chennai,BRC-MMCT,14011,PREMIUM_PASSENGER,2026-10-09 15:00:00,2026-10-09 15:27:00,45
COA-GQ-05806,Delhi-Mumbai,KOTA-RMA,G-885,FREIGHT_CONTAINER,2026-10-09 15:15:00,2026-10-09 16:11:00,90
COA-GQ-05807,Mumbai-Chennai,DDU-ASN,13184,EXPRESS_PASSENGER,2026-10-09 15:30:00,2026-10-09 16:26:00,45
COA-GQ-05808,Mumbai-Chennai,SUR-PUNE,G-831,FREIGHT_CONTAINER,2026-10-09 15:45:00,2026-10-09 16:22:00,45
COA-GQ-05809,Mumbai-Chennai,HWH-KGP,14025,EXPRESS_PASSENGER,2026-10-09 16:00:00,2026-10-09 16:42:00,30
COA-GQ-05810,Mumbai-Chennai,BZA-MAS,G-837,FREIGHT_COAL,2026-10-09 16:15:00,2026-10-09 16:40:00,90
COA-GQ-05811,Delhi-Howrah,HWH-KGP,19351,EXPRESS_PASSENGER,2026-10-09 16:30:00,2026-10-09 17:26:00,180
COA-GQ-05812,Delhi-Howrah,RMA-BRC,12472,EXPRESS_PASSENGER,2026-10-09 16:45:00,2026-10-09 17:19:00,30
COA-GQ-05813,Howrah-Chennai,MTJ-KOTA,14652,EXPRESS_PASSENGER,2026-10-09 17:00:00,2026-10-09 17:43:00,180
COA-GQ-05814,Delhi-Howrah,SUR-PUNE,21448,PREMIUM_PASSENGER,2026-10-09 17:15:00,2026-10-09 17:56:00,45
COA-GQ-05815,Mumbai-Chennai,CNB-PRYJ,G-850,FREIGHT_CONTAINER,2026-10-09 17:30:00,2026-10-09 18:20:00,90
COA-GQ-05816,Delhi-Mumbai,NDLS-MTJ,G-800,FREIGHT_CONTAINER,2026-10-09 17:45:00,2026-10-09 18:23:00,240
COA-GQ-05817,Mumbai-Chennai,CNB-PRYJ,19504,PREMIUM_PASSENGER,2026-10-09 18:00:00,2026-10-09 18:38:00,90
COA-GQ-05818,Mumbai-Chennai,MTJ-KOTA,15033,EXPRESS_PASSENGER,2026-10-09 18:15:00,2026-10-09 18:41:00,30
COA-GQ-05819,Delhi-Howrah,BZA-MAS,12357,EXPRESS_PASSENGER,2026-10-09 18:30:00,2026-10-09 19:23:00,30
COA-GQ-05820,Delhi-Mumbai,BZA-MAS,14596,PREMIUM_PASSENGER,2026-10-09 18:45:00,2026-10-09 19:35:00,90
COA-GQ-05821,Mumbai-Chennai,BZA-MAS,G-902,FREIGHT_COAL,2026-10-09 19:00:00,2026-10-09 19:44:00,30
COA-GQ-05822,Howrah-Chennai,BRC-MMCT,G-843,FREIGHT_COAL,2026-10-09 19:15:00,2026-10-09 20:06:00,45
COA-GQ-05823,Howrah-Chennai,MTJ-KOTA,13932,PREMIUM_PASSENGER,2026-10-09 19:30:00,2026-10-09 20:17:00,240
COA-GQ-05824,Delhi-Howrah,MTJ-KOTA,12289,PREMIUM_PASSENGER,2026-10-09 19:45:00,2026-10-09 20:42:00,180
COA-GQ-05825,Delhi-Mumbai,BZA-MAS,G-896,FREIGHT_CONTAINER,2026-10-09 20:00:00,2026-10-09 20:58:00,90
COA-GQ-05826,Delhi-Howrah,BRC-MMCT,G-995,FREIGHT_CONTAINER,2026-10-09 20:15:00,2026-10-09 21:08:00,30
COA-GQ-05827,Delhi-Howrah,RMA-BRC,G-979,FREIGHT_COAL,2026-10-09 20:30:00,2026-10-09 20:57:00,90
COA-GQ-05828,Howrah-Chennai,SUR-PUNE,16257,PREMIUM_PASSENGER,2026-10-09 20:45:00,2026-10-09 21:36:00,45
COA-GQ-05829,Howrah-Chennai,MTJ-KOTA,13139,EXPRESS_PASSENGER,2026-10-09 21:00:00,2026-10-09 21:45:00,90
COA-GQ-05830,Mumbai-Chennai,KOTA-RMA,G-848,FREIGHT_COAL,2026-10-09 21:15:00,2026-10-09 22:06:00,45
COA-GQ-05831,Howrah-Chennai,BRC-MMCT,G-885,FREIGHT_COAL,2026-10-09 21:30:00,2026-10-09 22:11:00,180
COA-GQ-05832,Howrah-Chennai,NDLS-MTJ,18339,EXPRESS_PASSENGER,2026-10-09 21:45:00,2026-10-09 22:41:00,30
COA-GQ-05833,Mumbai-Chennai,NDLS-MTJ,G-998,FREIGHT_CONTAINER,2026-10-09 22:00:00,2026-10-09 22:25:00,240
COA-GQ-05834,Mumbai-Chennai,MTJ-KOTA,G-936,FREIGHT_COAL,2026-10-09 22:15:00,2026-10-09 22:45:00,90
COA-GQ-05835,Howrah-Chennai,DDU-ASN,20783,PREMIUM_PASSENGER,2026-10-09 22:30:00,2026-10-09 23:02:00,90
COA-GQ-05836,Delhi-Howrah,NDLS-MTJ,14410,PREMIUM_PASSENGER,2026-10-09 22:45:00,2026-10-09 23:24:00,30
COA-GQ-05837,Howrah-Chennai,KOTA-RMA,G-935,FREIGHT_COAL,2026-10-09 23:00:00,2026-10-09 23:58:00,180
COA-GQ-05838,Delhi-Howrah,CNB-PRYJ,19531,PREMIUM_PASSENGER,2026-10-09 23:15:00,2026-10-10 00:05:00,45
COA-GQ-05839,Delhi-Mumbai,BZA-MAS,G-951,FREIGHT_CONTAINER,2026-10-09 23:30:00,2026-10-10 00:14:00,90
COA-GQ-05840,Mumbai-Chennai,BZA-MAS,G-908,FREIGHT_CONTAINER,2026-10-09 23:45:00,2026-10-10 00:39:00,180
COA-GQ-05841,Mumbai-Chennai,KOTA-RMA,G-896,FREIGHT_COAL,2026-10-10 00:00:00,2026-10-10 00:31:00,180
COA-GQ-05842,Howrah-Chennai,SUR-PUNE,14940,PREMIUM_PASSENGER,2026-10-10 00:15:00,2026-10-10 00:41:00,45
COA-GQ-05843,Delhi-Mumbai,HWH-KGP,16355,EXPRESS_PASSENGER,2026-10-10 00:30:00,2026-10-10 01:17:00,90
COA-GQ-05844,Delhi-Mumbai,HWH-KGP,G-962,FREIGHT_CONTAINER,2026-10-10 00:45:00,2026-10-10 01:38:00,30
COA-GQ-05845,Howrah-Chennai,DDU-ASN,21025,EXPRESS_PASSENGER,2026-10-10 01:00:00,2026-10-10 01:32:00,45
COA-GQ-05846,Delhi-Mumbai,RMA-BRC,20303,EXPRESS_PASSENGER,2026-10-10 01:15:00,2026-10-10 02:06:00,90
COA-GQ-05847,Delhi-Mumbai,HWH-KGP,G-998,FREIGHT_COAL,2026-10-10 01:30:00,2026-10-10 02:20:00,45
COA-GQ-05848,Delhi-Howrah,MTJ-KOTA,14665,PREMIUM_PASSENGER,2026-10-10 01:45:00,2026-10-10 02:39:00,240
COA-GQ-05849,Delhi-Howrah,DDU-ASN,G-806,FREIGHT_CONTAINER,2026-10-10 02:00:00,2026-10-10 02:50:00,90
COA-GQ-05850,Delhi-Howrah,HWH-KGP,19583,PREMIUM_PASSENGER,2026-10-10 02:15:00,2026-10-10 03:04:00,45
COA-GQ-05851,Howrah-Chennai,KOTA-RMA,G-933,FREIGHT_CONTAINER,2026-10-10 02:30:00,2026-10-10 03:14:00,45
COA-GQ-05852,Howrah-Chennai,SUR-PUNE,G-979,FREIGHT_COAL,2026-10-10 02:45:00,2026-10-10 03:41:00,90
COA-GQ-05853,Delhi-Mumbai,CNB-PRYJ,19485,EXPRESS_PASSENGER,2026-10-10 03:00:00,2026-10-10 03:38:00,90
COA-GQ-05854,Delhi-Mumbai,NDLS-MTJ,G-831,FREIGHT_COAL,2026-10-10 03:15:00,2026-10-10 03:41:00,240
COA-GQ-05855,Howrah-Chennai,MTJ-KOTA,21108,PREMIUM_PASSENGER,2026-10-10 03:30:00,2026-10-10 04:17:00,90
COA-GQ-05856,Mumbai-Chennai,DDU-ASN,12442,EXPRESS_PASSENGER,2026-10-10 03:45:00,2026-10-10 04:34:00,180
COA-GQ-05857,Howrah-Chennai,NDLS-MTJ,14995,EXPRESS_PASSENGER,2026-10-10 04:00:00,2026-10-10 04:58:00,45
COA-GQ-05858,Mumbai-Chennai,DDU-ASN,17677,PREMIUM_PASSENGER,2026-10-10 04:15:00,2026-10-10 04:43:00,90
COA-GQ-05859,Howrah-Chennai,RMA-BRC,G-864,FREIGHT_COAL,2026-10-10 04:30:00,2026-10-10 05:14:00,90
COA-GQ-05860,Delhi-Howrah,KOTA-RMA,G-991,FREIGHT_CONTAINER,2026-10-10 04:45:00,2026-10-10 05:33:00,30
COA-GQ-05861,Delhi-Mumbai,KOTA-RMA,18659,EXPRESS_PASSENGER,2026-10-10 05:00:00,2026-10-10 05:37:00,90
COA-GQ-05862,Howrah-Chennai,SUR-PUNE,14788,PREMIUM_PASSENGER,2026-10-10 05:15:00,2026-10-10 06:03:00,90
COA-GQ-05863,Mumbai-Chennai,KOTA-RMA,18731,EXPRESS_PASSENGER,2026-10-10 05:30:00,2026-10-10 06:13:00,90
COA-GQ-05864,Howrah-Chennai,BRC-MMCT,18218,EXPRESS_PASSENGER,2026-10-10 05:45:00,2026-10-10 06:39:00,45
COA-GQ-05865,Mumbai-Chennai,BRC-MMCT,G-847,FREIGHT_CONTAINER,2026-10-10 06:00:00,2026-10-10 06:42:00,90
COA-GQ-05866,Howrah-Chennai,BRC-MMCT,G-824,FREIGHT_COAL,2026-10-10 06:15:00,2026-10-10 07:02:00,30
COA-GQ-05867,Delhi-Howrah,HWH-KGP,19342,EXPRESS_PASSENGER,2026-10-10 06:30:00,2026-10-10 07:08:00,45
COA-GQ-05868,Mumbai-Chennai,NDLS-MTJ,G-959,FREIGHT_CONTAINER,2026-10-10 06:45:00,2026-10-10 07:34:00,30
COA-GQ-05869,Howrah-Chennai,BRC-MMCT,17475,EXPRESS_PASSENGER,2026-10-10 07:00:00,2026-10-10 07:51:00,90
COA-GQ-05870,Delhi-Mumbai,CNB-PRYJ,20011,PREMIUM_PASSENGER,2026-10-10 07:15:00,2026-10-10 08:05:00,30
COA-GQ-05871,Delhi-Mumbai,DDU-ASN,17543,EXPRESS_PASSENGER,2026-10-10 07:30:00,2026-10-10 08:14:00,30
COA-GQ-05872,Delhi-Howrah,MTJ-KOTA,G-847,FREIGHT_CONTAINER,2026-10-10 07:45:00,2026-10-10 08:31:00,30
COA-GQ-05873,Mumbai-Chennai,KOTA-RMA,16163,PREMIUM_PASSENGER,2026-10-10 08:00:00,2026-10-10 08:58:00,45
COA-GQ-05874,Delhi-Howrah,MTJ-KOTA,G-890,FREIGHT_COAL,2026-10-10 08:15:00,2026-10-10 09:11:00,30
COA-GQ-05875,Howrah-Chennai,BRC-MMCT,13623,EXPRESS_PASSENGER,2026-10-10 08:30:00,2026-10-10 08:58:00,90
COA-GQ-05876,Mumbai-Chennai,NDLS-MTJ,14928,PREMIUM_PASSENGER,2026-10-10 08:45:00,2026-10-10 09:19:00,90
COA-GQ-05877,Howrah-Chennai,KOTA-RMA,20586,EXPRESS_PASSENGER,2026-10-10 09:00:00,2026-10-10 09:28:00,45
COA-GQ-05878,Delhi-Howrah,RMA-BRC,16764,EXPRESS_PASSENGER,2026-10-10 09:15:00,2026-10-10 09:44:00,180
COA-GQ-05879,Mumbai-Chennai,RMA-BRC,19962,PREMIUM_PASSENGER,2026-10-10 09:30:00,2026-10-10 10:02:00,30
COA-GQ-05880,Delhi-Mumbai,CNB-PRYJ,14954,EXPRESS_PASSENGER,2026-10-10 09:45:00,2026-10-10 10:32:00,30
COA-GQ-05881,Mumbai-Chennai,HWH-KGP,G-805,FREIGHT_CONTAINER,2026-10-10 10:00:00,2026-10-10 10:31:00,180
COA-GQ-05882,Howrah-Chennai,BZA-MAS,G-955,FREIGHT_CONTAINER,2026-10-10 10:15:00,2026-10-10 11:01:00,90
COA-GQ-05883,Howrah-Chennai,SUR-PUNE,G-994,FREIGHT_CONTAINER,2026-10-10 10:30:00,2026-10-10 10:55:00,30
COA-GQ-05884,Delhi-Mumbai,RMA-BRC,13010,EXPRESS_PASSENGER,2026-10-10 10:45:00,2026-10-10 11:43:00,30
COA-GQ-05885,Delhi-Mumbai,SUR-PUNE,15857,EXPRESS_PASSENGER,2026-10-10 11:00:00,2026-10-10 11:39:00,180
COA-GQ-05886,Delhi-Mumbai,SUR-PUNE,G-929,FREIGHT_CONTAINER,2026-10-10 11:15:00,2026-10-10 12:02:00,30
COA-GQ-05887,Mumbai-Chennai,BRC-MMCT,G-892,FREIGHT_CONTAINER,2026-10-10 11:30:00,2026-10-10 12:10:00,45
COA-GQ-05888,Delhi-Howrah,CNB-PRYJ,16721,PREMIUM_PASSENGER,2026-10-10 11:45:00,2026-10-10 12:11:00,90
COA-GQ-05889,Delhi-Howrah,BRC-MMCT,18298,PREMIUM_PASSENGER,2026-10-10 12:00:00,2026-10-10 12:39:00,30
COA-GQ-05890,Howrah-Chennai,DDU-ASN,14241,EXPRESS_PASSENGER,2026-10-10 12:15:00,2026-10-10 12:42:00,30
COA-GQ-05891,Mumbai-Chennai,KOTA-RMA,15999,EXPRESS_PASSENGER,2026-10-10 12:30:00,2026-10-10 13:26:00,90
COA-GQ-05892,Delhi-Mumbai,BRC-MMCT,G-862,FREIGHT_COAL,2026-10-10 12:45:00,2026-10-10 13:19:00,45
COA-GQ-05893,Delhi-Howrah,RMA-BRC,G-845,FREIGHT_CONTAINER,2026-10-10 13:00:00,2026-10-10 13:34:00,90
COA-GQ-05894,Howrah-Chennai,CNB-PRYJ,17909,EXPRESS_PASSENGER,2026-10-10 13:15:00,2026-10-10 14:05:00,240
COA-GQ-05895,Delhi-Mumbai,BZA-MAS,17234,EXPRESS_PASSENGER,2026-10-10 13:30:00,2026-10-10 14:29:00,240
COA-GQ-05896,Delhi-Howrah,MTJ-KOTA,G-919,FREIGHT_CONTAINER,2026-10-10 13:45:00,2026-10-10 14:12:00,180
COA-GQ-05897,Delhi-Mumbai,KOTA-RMA,G-966,FREIGHT_COAL,2026-10-10 14:00:00,2026-10-10 14:46:00,240
COA-GQ-05898,Howrah-Chennai,MTJ-KOTA,G-903,FREIGHT_COAL,2026-10-10 14:15:00,2026-10-10 15:03:00,30
COA-GQ-05899,Mumbai-Chennai,DDU-ASN,15344,PREMIUM_PASSENGER,2026-10-10 14:30:00,2026-10-10 15:11:00,30
COA-GQ-05900,Delhi-Howrah,KOTA-RMA,17280,EXPRESS_PASSENGER,2026-10-10 14:45:00,2026-10-10 15:44:00,90
COA-GQ-05901,Delhi-Howrah,CNB-PRYJ,14821,EXPRESS_PASSENGER,2026-10-10 15:00:00,2026-10-10 15:33:00,90
COA-GQ-05902,Delhi-Howrah,BRC-MMCT,G-946,FREIGHT_COAL,2026-10-10 15:15:00,2026-10-10 15:57:00,45
COA-GQ-05903,Howrah-Chennai,BRC-MMCT,G-817,FREIGHT_COAL,2026-10-10 15:30:00,2026-10-10 16:20:00,45
COA-GQ-05904,Delhi-Mumbai,KOTA-RMA,18734,PREMIUM_PASSENGER,2026-10-10 15:45:00,2026-10-10 16:11:00,180
COA-GQ-05905,Mumbai-Chennai,SUR-PUNE,G-800,FREIGHT_COAL,2026-10-10 16:00:00,2026-10-10 16:45:00,240
COA-GQ-05906,Delhi-Howrah,DDU-ASN,G-949,FREIGHT_CONTAINER,2026-10-10 16:15:00,2026-10-10 17:09:00,240
COA-GQ-05907,Delhi-Mumbai,SUR-PUNE,17933,EXPRESS_PASSENGER,2026-10-10 16:30:00,2026-10-10 17:02:00,90
COA-GQ-05908,Delhi-Howrah,NDLS-MTJ,21047,EXPRESS_PASSENGER,2026-10-10 16:45:00,2026-10-10 17:30:00,90
COA-GQ-05909,Mumbai-Chennai,BRC-MMCT,17783,EXPRESS_PASSENGER,2026-10-10 17:00:00,2026-10-10 17:43:00,45
COA-GQ-05910,Delhi-Howrah,MTJ-KOTA,G-807,FREIGHT_CONTAINER,2026-10-10 17:15:00,2026-10-10 17:49:00,180
COA-GQ-05911,Delhi-Howrah,SUR-PUNE,18444,EXPRESS_PASSENGER,2026-10-10 17:30:00,2026-10-10 18:22:00,30
COA-GQ-05912,Howrah-Chennai,MTJ-KOTA,12660,PREMIUM_PASSENGER,2026-10-10 17:45:00,2026-10-10 18:19:00,45
COA-GQ-05913,Howrah-Chennai,NDLS-MTJ,G-872,FREIGHT_CONTAINER,2026-10-10 18:00:00,2026-10-10 18:32:00,45
COA-GQ-05914,Delhi-Mumbai,DDU-ASN,21190,EXPRESS_PASSENGER,2026-10-10 18:15:00,2026-10-10 18:46:00,180
COA-GQ-05915,Mumbai-Chennai,MTJ-KOTA,17166,EXPRESS_PASSENGER,2026-10-10 18:30:00,2026-10-10 19:09:00,45
COA-GQ-05916,Delhi-Howrah,DDU-ASN,G-930,FREIGHT_CONTAINER,2026-10-10 18:45:00,2026-10-10 19:42:00,45
COA-GQ-05917,Delhi-Howrah,CNB-PRYJ,18276,EXPRESS_PASSENGER,2026-10-10 19:00:00,2026-10-10 19:37:00,45
COA-GQ-05918,Delhi-Howrah,KOTA-RMA,14614,EXPRESS_PASSENGER,2026-10-10 19:15:00,2026-10-10 20:05:00,45
COA-GQ-05919,Mumbai-Chennai,CNB-PRYJ,G-914,FREIGHT_CONTAINER,2026-10-10 19:30:00,2026-10-10 20:15:00,90
COA-GQ-05920,Delhi-Mumbai,NDLS-MTJ,14076,PREMIUM_PASSENGER,2026-10-10 19:45:00,2026-10-10 20:28:00,90
COA-GQ-05921,Howrah-Chennai,BRC-MMCT,G-870,FREIGHT_CONTAINER,2026-10-10 20:00:00,2026-10-10 20:47:00,30
COA-GQ-05922,Delhi-Howrah,RMA-BRC,G-871,FREIGHT_COAL,2026-10-10 20:15:00,2026-10-10 20:52:00,180
COA-GQ-05923,Howrah-Chennai,HWH-KGP,21184,EXPRESS_PASSENGER,2026-10-10 20:30:00,2026-10-10 21:20:00,30
COA-GQ-05924,Delhi-Mumbai,DDU-ASN,G-886,FREIGHT_CONTAINER,2026-10-10 20:45:00,2026-10-10 21:26:00,180
COA-GQ-05925,Delhi-Howrah,DDU-ASN,G-957,FREIGHT_COAL,2026-10-10 21:00:00,2026-10-10 21:55:00,90
COA-GQ-05926,Howrah-Chennai,SUR-PUNE,G-860,FREIGHT_COAL,2026-10-10 21:15:00,2026-10-10 21:48:00,30
COA-GQ-05927,Delhi-Howrah,BZA-MAS,G-837,FREIGHT_CONTAINER,2026-10-10 21:30:00,2026-10-10 21:55:00,30
COA-GQ-05928,Delhi-Mumbai,HWH-KGP,14064,EXPRESS_PASSENGER,2026-10-10 21:45:00,2026-10-10 22:10:00,45
COA-GQ-05929,Mumbai-Chennai,BZA-MAS,19101,EXPRESS_PASSENGER,2026-10-10 22:00:00,2026-10-10 22:41:00,45
COA-GQ-05930,Delhi-Mumbai,RMA-BRC,G-877,FREIGHT_COAL,2026-10-10 22:15:00,2026-10-10 23:04:00,90
COA-GQ-05931,Delhi-Mumbai,RMA-BRC,12073,EXPRESS_PASSENGER,2026-10-10 22:30:00,2026-10-10 23:02:00,240
COA-GQ-05932,Mumbai-Chennai,BZA-MAS,G-803,FREIGHT_COAL,2026-10-10 22:45:00,2026-10-10 23:34:00,180
COA-GQ-05933,Mumbai-Chennai,KOTA-RMA,21150,PREMIUM_PASSENGER,2026-10-10 23:00:00,2026-10-10 23:25:00,90
COA-GQ-05934,Delhi-Mumbai,NDLS-MTJ,18063,EXPRESS_PASSENGER,2026-10-10 23:15:00,2026-10-11 00:00:00,45
COA-GQ-05935,Delhi-Howrah,DDU-ASN,G-971,FREIGHT_CONTAINER,2026-10-10 23:30:00,2026-10-11 00:17:00,240
COA-GQ-05936,Delhi-Mumbai,KOTA-RMA,16470,EXPRESS_PASSENGER,2026-10-10 23:45:00,2026-10-11 00:19:00,90
COA-GQ-05937,Delhi-Mumbai,SUR-PUNE,17441,EXPRESS_PASSENGER,2026-10-11 00:00:00,2026-10-11 00:25:00,90
COA-GQ-05938,Delhi-Howrah,BZA-MAS,G-948,FREIGHT_COAL,2026-10-11 00:15:00,2026-10-11 01:05:00,240
COA-GQ-05939,Howrah-Chennai,NDLS-MTJ,14118,EXPRESS_PASSENGER,2026-10-11 00:30:00,2026-10-11 01:08:00,90
COA-GQ-05940,Howrah-Chennai,KOTA-RMA,G-835,FREIGHT_COAL,2026-10-11 00:45:00,2026-10-11 01:11:00,90
COA-GQ-05941,Mumbai-Chennai,SUR-PUNE,15845,EXPRESS_PASSENGER,2026-10-11 01:00:00,2026-10-11 01:28:00,45
COA-GQ-05942,Delhi-Howrah,SUR-PUNE,19796,EXPRESS_PASSENGER,2026-10-11 01:15:00,2026-10-11 01:49:00,180
COA-GQ-05943,Delhi-Howrah,NDLS-MTJ,17338,EXPRESS_PASSENGER,2026-10-11 01:30:00,2026-10-11 02:20:00,90
COA-GQ-05944,Howrah-Chennai,HWH-KGP,G-890,FREIGHT_COAL,2026-10-11 01:45:00,2026-10-11 02:14:00,90
COA-GQ-05945,Howrah-Chennai,RMA-BRC,12191,EXPRESS_PASSENGER,2026-10-11 02:00:00,2026-10-11 02:58:00,240
COA-GQ-05946,Mumbai-Chennai,CNB-PRYJ,G-905,FREIGHT_CONTAINER,2026-10-11 02:15:00,2026-10-11 02:47:00,180
COA-GQ-05947,Delhi-Howrah,BRC-MMCT,13558,EXPRESS_PASSENGER,2026-10-11 02:30:00,2026-10-11 03:10:00,30
COA-GQ-05948,Delhi-Mumbai,BZA-MAS,G-807,FREIGHT_COAL,2026-10-11 02:45:00,2026-10-11 03:27:00,240
COA-GQ-05949,Delhi-Howrah,HWH-KGP,15139,PREMIUM_PASSENGER,2026-10-11 03:00:00,2026-10-11 03:47:00,45
COA-GQ-05950,Howrah-Chennai,BRC-MMCT,17852,PREMIUM_PASSENGER,2026-10-11 03:15:00,2026-10-11 03:57:00,90
COA-GQ-05951,Mumbai-Chennai,DDU-ASN,12347,PREMIUM_PASSENGER,2026-10-11 03:30:00,2026-10-11 04:27:00,180
COA-GQ-05952,Mumbai-Chennai,BZA-MAS,G-823,FREIGHT_CONTAINER,2026-10-11 03:45:00,2026-10-11 04:28:00,45
COA-GQ-05953,Howrah-Chennai,BRC-MMCT,G-968,FREIGHT_COAL,2026-10-11 04:00:00,2026-10-11 04:57:00,30
COA-GQ-05954,Delhi-Howrah,KOTA-RMA,G-981,FREIGHT_CONTAINER,2026-10-11 04:15:00,2026-10-11 05:12:00,90
COA-GQ-05955,Delhi-Howrah,KOTA-RMA,G-965,FREIGHT_CONTAINER,2026-10-11 04:30:00,2026-10-11 04:56:00,90
COA-GQ-05956,Delhi-Mumbai,BZA-MAS,14555,EXPRESS_PASSENGER,2026-10-11 04:45:00,2026-10-11 05:35:00,45
COA-GQ-05957,Delhi-Mumbai,MTJ-KOTA,G-896,FREIGHT_CONTAINER,2026-10-11 05:00:00,2026-10-11 05:39:00,45
COA-GQ-05958,Delhi-Mumbai,BRC-MMCT,G-804,FREIGHT_CONTAINER,2026-10-11 05:15:00,2026-10-11 06:06:00,45
COA-GQ-05959,Delhi-Mumbai,BZA-MAS,G-989,FREIGHT_CONTAINER,2026-10-11 05:30:00,2026-10-11 06:10:00,180
COA-GQ-05960,Delhi-Howrah,DDU-ASN,G-961,FREIGHT_CONTAINER,2026-10-11 05:45:00,2026-10-11 06:25:00,90
COA-GQ-05961,Mumbai-Chennai,HWH-KGP,20752,EXPRESS_PASSENGER,2026-10-11 06:00:00,2026-10-11 06:26:00,30
COA-GQ-05962,Delhi-Mumbai,HWH-KGP,15289,EXPRESS_PASSENGER,2026-10-11 06:15:00,2026-10-11 06:59:00,240
COA-GQ-05963,Delhi-Mumbai,BZA-MAS,G-998,FREIGHT_CONTAINER,2026-10-11 06:30:00,2026-10-11 07:06:00,45
COA-GQ-05964,Mumbai-Chennai,BRC-MMCT,G-926,FREIGHT_CONTAINER,2026-10-11 06:45:00,2026-10-11 07:26:00,45
COA-GQ-05965,Mumbai-Chennai,DDU-ASN,G-864,FREIGHT_CONTAINER,2026-10-11 07:00:00,2026-10-11 07:59:00,45
COA-GQ-05966,Delhi-Howrah,KOTA-RMA,G-841,FREIGHT_COAL,2026-10-11 07:15:00,2026-10-11 07:58:00,45
COA-GQ-05967,Howrah-Chennai,KOTA-RMA,13149,PREMIUM_PASSENGER,2026-10-11 07:30:00,2026-10-11 08:06:00,240
COA-GQ-05968,Delhi-Howrah,NDLS-MTJ,20849,PREMIUM_PASSENGER,2026-10-11 07:45:00,2026-10-11 08:43:00,45
COA-GQ-05969,Delhi-Mumbai,BZA-MAS,G-823,FREIGHT_CONTAINER,2026-10-11 08:00:00,2026-10-11 08:29:00,45
COA-GQ-05970,Howrah-Chennai,BRC-MMCT,G-925,FREIGHT_CONTAINER,2026-10-11 08:15:00,2026-10-11 08:49:00,90
COA-GQ-05971,Mumbai-Chennai,RMA-BRC,18900,PREMIUM_PASSENGER,2026-10-11 08:30:00,2026-10-11 09:15:00,90
COA-GQ-05972,Howrah-Chennai,HWH-KGP,20433,EXPRESS_PASSENGER,2026-10-11 08:45:00,2026-10-11 09:24:00,45
COA-GQ-05973,Delhi-Mumbai,DDU-ASN,G-812,FREIGHT_COAL,2026-10-11 09:00:00,2026-10-11 09:28:00,45
COA-GQ-05974,Mumbai-Chennai,NDLS-MTJ,20558,PREMIUM_PASSENGER,2026-10-11 09:15:00,2026-10-11 10:07:00,240
COA-GQ-05975,Howrah-Chennai,MTJ-KOTA,16517,EXPRESS_PASSENGER,2026-10-11 09:30:00,2026-10-11 10:14:00,30
COA-GQ-05976,Delhi-Mumbai,RMA-BRC,G-925,FREIGHT_CONTAINER,2026-10-11 09:45:00,2026-10-11 10:29:00,30
COA-GQ-05977,Delhi-Howrah,BRC-MMCT,17242,EXPRESS_PASSENGER,2026-10-11 10:00:00,2026-10-11 10:27:00,240
COA-GQ-05978,Delhi-Howrah,CNB-PRYJ,G-825,FREIGHT_CONTAINER,2026-10-11 10:15:00,2026-10-11 10:46:00,45
COA-GQ-05979,Howrah-Chennai,RMA-BRC,16760,EXPRESS_PASSENGER,2026-10-11 10:30:00,2026-10-11 11:06:00,45
COA-GQ-05980,Delhi-Mumbai,BZA-MAS,21859,EXPRESS_PASSENGER,2026-10-11 10:45:00,2026-10-11 11:27:00,45
COA-GQ-05981,Howrah-Chennai,MTJ-KOTA,17350,EXPRESS_PASSENGER,2026-10-11 11:00:00,2026-10-11 11:32:00,180
COA-GQ-05982,Mumbai-Chennai,KOTA-RMA,15649,PREMIUM_PASSENGER,2026-10-11 11:15:00,2026-10-11 11:59:00,30
COA-GQ-05983,Delhi-Mumbai,KOTA-RMA,G-855,FREIGHT_CONTAINER,2026-10-11 11:30:00,2026-10-11 11:56:00,45
COA-GQ-05984,Delhi-Howrah,MTJ-KOTA,15480,PREMIUM_PASSENGER,2026-10-11 11:45:00,2026-10-11 12:29:00,90
COA-GQ-05985,Delhi-Mumbai,BRC-MMCT,G-990,FREIGHT_COAL,2026-10-11 12:00:00,2026-10-11 12:36:00,90
COA-GQ-05986,Mumbai-Chennai,KOTA-RMA,G-957,FREIGHT_COAL,2026-10-11 12:15:00,2026-10-11 13:03:00,45
COA-GQ-05987,Howrah-Chennai,DDU-ASN,G-916,FREIGHT_CONTAINER,2026-10-11 12:30:00,2026-10-11 13:05:00,30
COA-GQ-05988,Delhi-Mumbai,NDLS-MTJ,16021,EXPRESS_PASSENGER,2026-10-11 12:45:00,2026-10-11 13:13:00,45
COA-GQ-05989,Delhi-Howrah,RMA-BRC,G-945,FREIGHT_CONTAINER,2026-10-11 13:00:00,2026-10-11 13:29:00,180
COA-GQ-05990,Howrah-Chennai,DDU-ASN,14755,PREMIUM_PASSENGER,2026-10-11 13:15:00,2026-10-11 14:09:00,240
COA-GQ-05991,Delhi-Mumbai,RMA-BRC,12684,PREMIUM_PASSENGER,2026-10-11 13:30:00,2026-10-11 14:10:00,90
COA-GQ-05992,Howrah-Chennai,RMA-BRC,G-972,FREIGHT_COAL,2026-10-11 13:45:00,2026-10-11 14:29:00,30
COA-GQ-05993,Delhi-Mumbai,CNB-PRYJ,G-893,FREIGHT_CONTAINER,2026-10-11 14:00:00,2026-10-11 14:56:00,45
COA-GQ-05994,Delhi-Mumbai,HWH-KGP,G-819,FREIGHT_CONTAINER,2026-10-11 14:15:00,2026-10-11 15:04:00,90
COA-GQ-05995,Mumbai-Chennai,SUR-PUNE,16661,PREMIUM_PASSENGER,2026-10-11 14:30:00,2026-10-11 15:14:00,90
COA-GQ-05996,Delhi-Mumbai,KOTA-RMA,G-833,FREIGHT_CONTAINER,2026-10-11 14:45:00,2026-10-11 15:20:00,45
COA-GQ-05997,Howrah-Chennai,KOTA-RMA,G-955,FREIGHT_CONTAINER,2026-10-11 15:00:00,2026-10-11 15:27:00,90
COA-GQ-05998,Delhi-Howrah,NDLS-MTJ,G-942,FREIGHT_CONTAINER,2026-10-11 15:15:00,2026-10-11 15:44:00,30
COA-GQ-05999,Delhi-Howrah,HWH-KGP,G-946,FREIGHT_COAL,2026-10-11 15:30:00,2026-10-11 16:02:00,90
COA-GQ-06000,Delhi-Mumbai,HWH-KGP,16370,EXPRESS_PASSENGER,2026-10-11 15:45:00,2026-10-11 16:22:00,30
